	B cells naive	B cells memory	Plasma cells	T cells CD8	T cells CD4 naive	T cells CD4 memory resting	T cells CD4 memory activated	T cells follicular helper	T cells regulatory (Tregs)	T cells gamma delta	NK cells resting	NK cells activated	Monocytes	Macrophages M0	Macrophages M1	Macrophages M2	Dendritic cells resting	Dendritic cells activated	Mast cells resting	Mast cells activated	Eosinophils	Neutrophils
TCGA-44-8120-01A	0.0311935096824126	0	0.12886330386567	0.0492291646964947	0	0.128154104168744	0	0.00302462187401258	0.0230898416558576	0	0	0.00212055502775932	0.0168486102629774	0.0571775925156896	0.0139747077066919	0.191668355587793	0.125039364361918	0.0426013072941914	0.162340912119828	0	1.2278606885749e-05	0.0246617705730741
TCGA-99-8025-01A	0.0336314215933023	0	0.114273674145584	0.0259817699003817	0	0.186153638858074	0	0.0198714925348554	0.0513965135528717	0	0	0.0242443375367081	0	0.230800688801353	0.0877429119204311	0.183939720684325	0	0.00518257882587337	0.0364267373136571	0	0	0.000354514332583208
TCGA-50-6594-01A	0	0.00139190498390802	0.0578982342778973	0	0	0.0999038232013435	0	0.0261182569085716	0.000762616177070389	0	0	0.057678172768975	0.0259116968590873	0.191572481569105	0	0.235060059682378	0.134958152582161	0.0633589952790375	0.0951796813634509	0	0	0.0102059243470136
TCGA-78-7161-01A	0.0012007986069869	0	0.210730161390491	0	0	0.314260943427892	0	0	0.0721286107824874	0	0	0.029927059685222	0.00501955759323324	0.140739454775253	0.0577340208223544	0.0414932430784182	0	0.0606405846550429	0.0419091810218476	0	0	0.0242163841607716
TCGA-55-7903-01A	0.065245199441726	0	0.0227901493689506	0.198636169283665	0	0.0135296065446332	0.0640922915508586	0.0232310203565496	0.0494331795594746	0	0.055321636003299	0.00104494740222983	0.0139304510190114	0.084950271232322	0.139013315052571	0.1141007114081	0.0549599654518833	0.0698921286918984	0.021123397846502	0.00398047018511241	0	0.00472508960121235
TCGA-38-4632-01A	0.0246101750587093	0.00385988661094651	0	0	0	0.158153721851321	0.0484899124131188	0.020074592264525	0.0107393963964052	0.0282149037457522	0	0.0022447864466259	0.00997264261986975	0	0.0662756001110484	0.255792346299683	0.219487366978382	0.0589839075251088	0.0813885581178312	0	0	0.0117122035606737
TCGA-64-1677-01A	0.0440323469545647	0	0.199937954657443	0.0890010183484172	0	0.135755340899414	0.137453141530773	0.0361182877884177	0.00939826904664247	0	0.00289041818591133	0.0189085515490036	0.000790884406754994	0.0706442138707026	0.158879517466955	0.0532849556009943	0.0171733595212279	0.0107346461819914	0.0144755934501275	0	0	0.000521500540659272
TCGA-86-A456-01A	0.0256530949787009	0	0.0106713635985268	0.0582766196784403	0	0.141986718021905	0	0.0464095959806653	0.00527320408856606	0.00243568455557985	0	0.0184972166146164	0	0.15104387835192	0.0825432700152864	0.369663498309199	0	0.045308861067998	0	0.0361407207029912	0	0.00609627403560578
TCGA-44-A47A-01A	0.00826231340806487	0	0	0.0284268976450938	0	0.0846020128500373	0	0.0396162811852742	0.0746274206599878	0	0	0.0143205747445179	0.00594277816929779	0.160807817274631	0.0114470229501541	0.10916601918497	0.27327910069007	0.115282570417041	0.0714849645794843	0	0	0.00273422624137729
TCGA-91-6828-01A	0.00703733948925623	0	0.0880132827300514	0.0756398890242516	0	0.250902848642216	0.0158807007218691	0	0	0	0	0.0434671301222931	0.0251917825474964	0.00672552320631718	0.0653030869021977	0.258836649010837	0.0804954591846452	0	0.0575391812898566	0	0	0.0249671271287121
TCGA-MP-A4TA-01A	0.029085210677982	0	0.0887077025560503	0.164149524337991	0	0.125792372439782	0.018169774226249	0.0709226678853302	0.0667987146090611	0	0.0391803371629697	0.0208168894113617	0.0140016860556967	0.0930489874814615	0.0981088098766099	0.120236655590025	0.00197111667665027	0.0277241746875705	0.0211477036404313	0	0	0.000137672684778867
TCGA-55-7726-01A	0	0	0.137692384618831	0.0170544360442471	0	0.206108850881463	0.000542094027636708	0	0	0	0	0.0185048651115411	0.00489575448741814	0.101483619452341	0.0693885902183457	0.0864268381284918	0.239499362119033	0.0307964941438206	0.0467871241295636	0	0.0200931896914958	0.0207263969457719
TCGA-86-8359-01A	0	0	0.0861705416391119	0.297556229002122	0	0.0945605170302389	0.0504416354211282	0.0951318666332439	0.098996604515216	0	0	0.0259778215027607	0	0.103154673733218	0.0527451099532166	0.0315358028766977	0.0042608430932006	0	0	0.0127864456620645	0	0.0466819089377809
TCGA-55-5899-01A	0.0308385087618058	0	0.042463220995293	0.111843167218003	0	0.0214226534797547	0.0346124847343812	0.0434205156787616	0.0237282685318443	0.0265028733892556	0.010462941168682	0	0	0.275524173470365	0.082181904938572	0.255001968076876	0.00334097730290332	0	0.0386563422535013	0	0	0
TCGA-62-8397-01A	0.00873877182116623	0	0.0546387583616748	0.032259724530129	0	0.191539655896288	0	0.0111124332876482	0.0272660611662168	0	0	0.0223902667377867	0.122808661725228	0.0249438794454054	0	0.136694365610881	0.166449650395624	0.0233270157961222	0.177830755225829	0	0	0
TCGA-99-8032-01A	0.0248335429169522	0	0.347299283704271	0.0626086909313696	0	0.169481219088605	0	0	0.0952383465586421	0	0	0.0336609828972626	0	0.115660271838206	0.0214717033588024	0.0669072801129185	0.0115883782360439	0.00344693105406054	0.0317868501318361	0	0	0.0160165191710295
TCGA-MP-A4TC-01A	0.0157291111348983	0	0.0202057187243397	0.104853563771255	0	0.0603918078184412	0.0693229933750307	0.0176624528558261	0.0428153042511087	0	0.0295334472784155	0.0172971917028546	0	0.291252358566359	0.102521597356729	0.148540807916925	0.0238581069305662	0	0	0.0527066518016313	0	0.0033088865156191
TCGA-75-5126-01A	0	0.0946875932646175	0	0.0116083978342173	0	0.124007861700465	0.0412203467210465	0	0.0139249061731671	0	0.0135027625553688	0.00732080319890924	0.0162769223480668	0.137195133044795	0.0767255462388324	0.266862473732842	0.0283567974944279	0.020421039694893	0.0443994466138209	0	0.0425860925335381	0.0609038768509928
TCGA-95-A4VP-01A	0.11825085123248	0	0.0514945267499443	0.171350639916756	0	0.0929337186780687	0.00635171707754096	0.0481502089411833	0.13618036763377	0	0.027680568426651	0.0168927279685317	0.0187213746835477	0.0388762484046514	0.0497635267346538	0.139447837607567	0.0297101393438034	0.0199315901035923	0.0239851595435392	0	0	0.0102787969537182
TCGA-50-6673-01A	0.0486802190662643	0	0.125313673931979	0.0211141310041368	0	0.213535812426845	0.0191625994347097	0.0319107393160601	0.0244254998506008	0	0	0.016116844591036	0.00554918410885293	0.158413108275588	0.0344342272603595	0.178258226084583	0.0334196115648367	0.0620272094082136	0.0125983125724511	0	0	0.0150406011034837
TCGA-86-7701-01A	0.0731493928550269	0	0.210486681362994	0.0603362865808871	0	0.192310538340033	0.0852986574780055	0.0405982088098911	0.017049912095292	0.0252334370355193	0.0184568836210655	0	0	0.0287747282596466	0.0484780351327036	0.10330733711559	0.0317420362581367	0.0237250304873909	0.0333789040553043	0	0	0.00767393051251242
TCGA-L9-A50W-01A	0.0399141444721127	0	0.133211889721667	0.0296916784938841	0	0.227768773669715	0	0.0103943622770489	0.045000537000638	0	0	0.0484976077039865	0.00796704487799253	0.0219965288047202	0.0683993806756236	0.0463302113176144	0.196688118916277	0	0.119144220224084	0	0	0.0049955018446362
TCGA-75-6203-01A	0.016428664777749	0	0	0.0761459517914319	0	0.11630585323632	0	0.0116785100195697	0.00239934650360371	0	0.0269710570822154	0.0186584354729261	0.00795990641556012	0.185372211205143	0.0234285517036701	0.35273021177865	0.0332884635645083	0.0140783365610392	0.0966892137631629	0	0	0.0178652861244501
TCGA-95-7948-01A	0.0121300594987867	0	0.14919461903583	0.110480240275798	0	0.155893106648367	0.0155661990206138	0.0320465692224258	0	0.00502245955309471	0	0.0420942407540279	0.071535488703131	0	0.034344305487655	0.161188447791524	0.0955022113133442	0.0546037273709478	0.0603983253244554	0	0	0
TCGA-78-7158-01A	0.00732863077175917	0	0.028912209432421	0.0451468549532314	0	0.212668586208629	0	0.0118431033062396	0.0264660919465948	0	0	0.0373086281400225	0.0333852248584655	0.0241901579262021	0.0504073496801576	0.244839723420195	0.127763351978197	0.0291544123069796	0.110834992838252	0	0	0.00975068223265399
TCGA-49-4507-01A	0.0177466212321488	0	0.0720899045233575	0.355341629443151	0	0	0.0939882598672469	0.0194721127306844	0.0108585373032211	0	0	0.11064046440324	0	0.0322810677564885	0.0715212297679642	0.123378118936495	0.021003105698193	0	0.064884284234679	0	0.00405471361760412	0.00273995048552665
TCGA-05-4398-01A	0	0	0.131946668328861	0.0397986455405575	0	0.112530835964481	0.00405697549413317	0.0338608822521647	0.00882065023284372	0	0.0186025409511009	0	0.0383153386029608	0.0919102934563559	0.121815382443809	0.247678664529179	0.119959692314934	0	0	0.0246387782730934	0	0.00606465161552438
TCGA-86-7953-01A	0.0171434965052838	0.0118460358672271	0	0.0343059632644841	0	0.298221019157916	0.006863003480621	0.0356011423633344	0.0279374582885569	0	0.0380309144723862	0.00148262821244244	0.0673020543426705	0.0983811483441272	0.0437163812151592	0.176420093803642	0.0355916568696447	0.0331741774298614	0	0.050186953724351	0.00943794873260365	0.0143579239256885
TCGA-86-A4D0-01A	0.0849358052181844	0	0.126329062214548	0.0354036501858339	0	0.0337263808921615	0.168715635097793	0.0418152419104827	0.000684602822118614	0.0106208173540695	0	0.101527737157459	0.000452804726581514	0.0262068672146508	0.0757375436863282	0.158585267625982	0.0775120577234634	0	0.0499827742490503	0	0	0.0077637519212927
TCGA-NJ-A4YQ-01A	0.041806054565746	0	0.126532821345886	0.160927732766089	0	0.00330912589917501	0.0208362524908518	0.0521839360577969	0.0468298038439092	0.032353416120204	0	0.0469925957580131	0	0.22688169310708	0.0910694588100582	0.0876190974859657	0.0073193329476889	0	0.0553386788015369	0	0	0
TCGA-75-7027-01A	0.0118667593691767	0	0.183357479205083	0.0151579815786107	0	0.102471762737441	0.00129416112260901	0.0168658068684036	0.00202523140871376	0.00586882507844617	0	0.0294659472613017	0.00203061928147477	0.153499783014695	0.0896521843600933	0.193660004670128	0.0411517756344238	0	0.147703055532905	0	0	0.00392862287649473
TCGA-53-7624-01A	0.105056853315086	0	0.0709018088629123	0.0843455382243452	0	0.0862149190885424	0.0309812948359127	0.035676774028395	0.0447243893938019	0	0	0.0217776762937941	0	0.183359177047992	0.170106705627074	0.100100193301567	0	0.0576213896669959	0.00110129415496932	0	0.00803198615861281	0
TCGA-L9-A7SV-01A	0.0539334796157242	0	0.087888745076821	0.138008752609283	0	0.209057197848292	0.0181217398294196	0.109229194069243	0	0	0	0.0127094883226392	0.00893987421723146	0.0307773611676875	0.100537658791531	0.185677125674932	0.0133403253993761	0.000195289871634684	0.0149921444117328	0	0.0165916230944526	0
TCGA-50-8460-01A	0	0.0407044935491241	0.0978464502665964	0.0699548211939204	0	0.11971713153752	0	0.0385556177572477	0.0557786973898205	0	0	0.0424471967799114	0.0691314216587587	0.00617608812626004	0	0.0929744275640959	0.132975012512622	0.0893842125918057	0.144354429072317	0	0	0
TCGA-L9-A444-01A	0.0253972996842472	0	0.108885209816645	0.254360006999265	0	0.130701257008208	0.076252595733876	0.00106539449779573	0.0421146931681176	0	0.0454226183618237	0.0171219635825698	0.00772365852908477	0.0435241728877532	0.096698262828118	0.090467160239118	0.0128303199935161	0	0.04561465704385	0	0	0.00182072962601122
TCGA-05-4249-01A	0.00117217928090385	0.0173300661698661	0.0667953731122255	0.0307963770000038	0	0.0957245379799097	0	0.0362062278404944	0.0308471530722351	0	0	0.00631024879066114	0.00297512446953211	0	0.0421860654353096	0.143259538897085	0.347109110203714	0.013995989510287	0.131164404345844	0	0	0.0341276038919284
TCGA-55-6979-01A	0	0	0.0474526781628348	0.0926714422648615	0	0.107744260553793	0.0561336158814749	0.0394021785480662	0.0486429406626385	0	0	0.0321923213988476	0.00641190746850015	0.149002709745554	0.177793518837119	0.189896422509927	0.0147613727359537	0	0.0298329648088721	0	0	0.0080616664215568
TCGA-75-7025-01A	0.0386444507082407	0.0558087555436136	0.0246488341586113	0.102959450911396	0	0.176636165333095	0	0.020020996251858	0.0526137888420151	0	0.0124311110914093	0.0198173886872842	0.0908109812348225	0	0.00195851059093715	0.0555945796009265	0.188078498819586	0.0823453319495823	0.0776311562766219	0	0	0
TCGA-62-8395-01A	0.00237108804255285	0	0.127383797042292	0.0558163263791617	0	0.141867863804081	3.15107576352181e-05	0.0331878348360938	0.00564752802731812	0	0	0.0206415179835887	0.0174607483749787	0.128590567010559	0.0326650579269377	0.219884303396673	0.127833470078204	0.0103171154326794	0.0763012709072453	0	0	0
TCGA-05-4425-01A	0.0101212232085253	0.00115845020817103	0	0.00747377990796095	0	0.154428527909368	0.0158302334848865	0.0232829001178469	0.0367759994424309	0.0224261651265431	0	0	0	0.218432381393156	0.0629384655935116	0.243998454897727	0.152487154804414	0	0.0475093230081533	0	0	0.00313694089730441
TCGA-62-8394-01A	0.0259952060689146	0	0.0142725693389005	0.0182578878942493	0	0.181081227099672	0	0.0264553256536992	0.056380350004907	0	0	0.0103600236445283	0	0.229213127696311	0.0999300743249701	0.151599072841703	0	0.134444745856447	0.0520103895756978	0	0	0
TCGA-49-6767-01A	0.0213736245995677	0	0.00681195888825026	0.190771410627245	0	0.0698982389798136	0.0759449668152056	0.0156863332344744	0.0351725009792994	0	0.0137291885070306	0.0134483376079504	0	0.344333165371312	0.0837092070177267	0.0980527646770153	0.00890816850093817	0	0.0221601341941704	0	0	0
TCGA-55-8204-01A	0.00926831063373661	0	0.276627680125222	0.0126255449628576	0	0.11106027732701	0.0815169001981019	0.00125429556867577	0	0	0	0.0412266291971323	0.00384821778872258	0.0469760578382848	0.141472581804618	0.040009558074319	0.0697216737594252	0	0.130641401730937	0	0	0.0337508709909574
TCGA-MN-A4N1-01A	0.016271719798823	0	0.0334179261775768	0	0	0.0691654258888775	0	0.0274999491219935	0.114857167492787	0	0.000256529297875169	0	0.0367865790295147	0.345759248852519	0.0060597369637653	0.160519662591762	0.0677838642191396	0.0886932234825411	0.0125828590936716	0	0.0203461079891533	0
TCGA-35-4123-01A	0.0129443485835896	0	0.0236187713410294	0.313524944966438	0	0.0422811383950553	0.0873963947215727	0.065799888866574	0.0215313249864815	0	0	0.00627442962229718	0.00683088044212999	0.100022643012198	0.0673716892874348	0.168239601360566	0.0481796336791731	0.00260308057287469	0.00778096549123488	0.0124762258597343	0.0131240388116161	0
TCGA-55-1594-01A	0.086844384159011	0	0.133189326838823	0.105997630028266	0	0.148705334028072	0.0118820516821363	0.0216953994371167	0.0115489308177417	0	0	0.0337413598391269	0	0.101902947060516	0.0990901609755511	0.131853779946378	0.065762903096073	0	0.0283630985379721	0	0	0.0194226935532168
TCGA-MP-A4SV-01A	0.0139948019463736	0	0.0580611472076413	0.174862395444496	0	0.116477454394124	0.0326261084428586	0.0349671128979279	0.08325935403634	0	0.0507423504991275	0.0215810886627909	0.00907354393663669	0.103913953895186	0.132167679922707	0.0928282419816571	0.0164728133802991	0.0150234917542385	0.0439484615975948	0	0	0
TCGA-75-6214-01A	0.0326812117378677	0	0.00872533769388483	0.0905620113855278	0	0.182544533923679	0.0281003786567505	0.0554279620842461	0.0231524074927207	0	0.00194605486893682	0.00716264032290893	0	0.214491786744891	0.0858333275976236	0.134075590862183	0.0530332783441044	0.0286206273793858	0.0171169768153384	0	0	0.0365258740899518
TCGA-44-6777-01A	0.000624758496252783	0.00100145991483742	0.072132200845028	0.0411368724912799	0	0.0882729777064975	0.00347157416406363	0.0201529512312784	0.0279881852169403	0	0	0.0373418412040509	0.0164367070420814	0.104216389010526	0.0620905704013072	0.296105229057035	0.105880966778743	0.0156609374827846	0.0836317302465787	0	0	0.0238546487107146
TCGA-73-4662-01A	0.0513823359875282	0	0.107843724208786	0.0302668868416046	0	0.177783929967939	0.0189369675409445	0.0462297115889458	0.0302165434520307	0.00860122921910253	0	0.0120144934222082	0.0339379485295013	0.0972669450626449	0.0242616823004156	0.134610515027169	0.110738123061899	0.0530205345756397	0.0571796100814195	0	0.00127455429192338	0.00443426484029695
TCGA-78-7149-01A	0	0.0100518384765481	0.320735873528671	0.111025368649614	0	0.0870379014368102	0	0.0376059904989077	0.0318688615301402	0	0	0.0483131613985408	0.000208583586737102	0.0744540319151786	0.0876293375689089	0.0802764493824355	0.0136931519180577	0.0211208190972765	0.0708543200254119	0	0.00194884004537651	0.0031754709413855
TCGA-05-4426-01A	0.0319119149872497	0	0	0.0586013730763966	0	0.191375005660392	0	0.00162853894261046	0.0751123452347659	0	0	0.0337611031591708	0.0421108768342306	0.232760501677277	0.0361898025986258	0.196356340248702	0.0188358554525209	0	0.0433193979938739	0	0	0.0380369441341848
TCGA-44-6775-01A	4.92162873831074e-05	0	0.0363952891488048	0.0163533828488037	0	0.0296990898929317	0.0170843962144665	0.0127446077944148	0.0491359250430783	0	0	0.0189399276560474	0.00150134433389517	0.335074562527334	0.0400573256571693	0.204353799858441	0.126183611354969	0.0192217985115704	0.0702287131889483	0	0.0118285872673846	0.0111484224143578
TCGA-86-6851-01A	0.00918292764103217	0	0.145337609233347	0.143753876868667	0	0.0676125633700706	0.0538180794580093	0.0436493300041957	0.0743312294776057	0	0.0788363968734829	0.0122681907389582	0.00183514945927035	0.100653952958466	0.0877056663431629	0.120904187340248	0.0149737510529537	0	0.0451370891805323	0	0	0
TCGA-O1-A52J-01A	0.00070204333072651	0	0	0.0239760316377078	0	0.134768631363805	0	0.00542527403341062	0.0481420093689851	0	0	0.0353584634103943	0.209370521186369	0.0518787542244921	0.010761434803	0.275997300350556	0.0861353055936939	0.0503563622158366	0.0607304051496696	0	0.00184197416645657	0.00455548916489747
TCGA-78-7540-01A	0	0.0292372358933136	0	0.0245033164775229	0	0.097124170484068	0	0.0144487865983218	0.0424377813628264	0	0	0.0861025964061308	0	0.236331734789481	0.0109571008061291	0.306288428970411	0.0683700778457707	0.0197079545917266	0.0644908157742986	0	0	0
TCGA-86-8056-01A	0.0385135961380343	0	0.0408863669670355	0.0322041850524875	0	0.258291809416864	0	0.0276562706097738	0	0	0	0.0280392986991438	0.0464698780151415	0.10117743422467	0.0579229914692267	0.197968875524065	0.072004646513932	0.013697380245249	0.072627254509919	0	0	0.0125400126144581
TCGA-05-4422-01A	0.0231095809594671	0.0010566965669251	0.140931031772252	0.245891510979443	0	0.113968590998623	0.0152714871557986	0.0564257104257	0.0441447392710354	0	0	0.0322722302440432	0.0431214196484346	0.044635021709719	0.0642215737840992	0.137834896433819	0.0181370382253566	0	0.0181472725336067	0	0	0.000831199291677402
TCGA-55-6978-01A	0.00614499857492159	0	0.0233503788473103	0.272753322442209	0	0.0950097724175061	0.115055311900703	0.0392147519175543	0.00544704775516777	0.00566323119614272	0.00205729163917777	0.00484644639691472	0.0214838385787119	0.0726632802029278	0.109634819169365	0.120201732166728	0.0791857790488545	0	0.0272879977458063	0	0	0
TCGA-55-7816-01A	0.0125747823779344	0	0	0.0332843678942732	0	0.122519227158187	0	0.000454611088689896	0.0105916294611015	0.00224231950703877	0	0.0558066640013669	0.0908592097880558	0	0.167276503911546	0.395211319448482	0.0387629273015566	0	0.0649620441523454	0	0	0.00545439390942206
TCGA-49-AARO-01A	0.0466711647550451	0.0168782741674829	0.0291352778158614	0.0494965903712998	0	0.032821972471413	0	0.0429503176962541	0.0621420925693885	0	0	0.048686698413858	0.00508504061241113	0.285966285004635	0.0543128821588676	0.1269716407168	0.128473794822141	0.0505538614072423	0.00403640094250983	0	0	0.0158177060747899
TCGA-55-6983-01A	0.0463863440795258	0.139851637521395	0	0.111445668843316	0	0.171309805749705	0.0296298783176009	0.0367095199859265	0.0354793898887926	0	0	0.03817021145229	0	0.155205591618098	0.0271644615916977	0.100987165628838	0.0402908247670978	0.00553031798045618	0.0614712491134931	0	0	0.000367933461767428
TCGA-86-7714-01A	0.00201194230030583	0.00183341837684494	0	0.0395661438407104	0	0.184481425236796	0.00164275381950407	0	0.0248840275960098	0	0.031929867672898	0	0.038184163227459	0	0	0.131996881280017	0.346526982060947	0.0695639786079477	0.110690051994301	0	0	0.0166883639862591
TCGA-86-8074-01A	0.0386601375774161	0	0.0550036286479538	0.017205286751406	0	0.142089007695772	0.00450489328496179	0.043832958903847	0.0569911875513543	0	0	0.0355962234625481	0.0126987790123285	0.159798948002854	0.0714796563470649	0.207357523072204	0.105395237847707	0.0216464823456905	0.0125310919893383	0	0.00789671267304606	0.00731224483450635
TCGA-78-7143-01A	0.032865909934665	0.00160298420301101	0	0.0277776472923159	0	0.187384770841565	0	0.0450486305473635	0.042669719622879	0	0	0.0112474883771476	0.0331831911029985	0.0556375865012895	0.00556805682561389	0.144265077123427	0.170434351026187	0.179495353851714	0.0610415239074813	0	0	0.00177770884234275
TCGA-55-8620-01A	0.0140681313703468	0	0.234433319455258	0.0842022630987731	0	0.0242915314093995	0.0291769009763553	0.0348588904664944	0.0118781377358449	0.0151226373995807	0	0.0454876615003344	0	0.178378951830799	0.108841339999106	0.121490315274891	0.0220431761942152	0	0.0721167838408734	0	0	0.00360995944772826
TCGA-75-6207-01A	0.0133781292622779	0	0.0124457680722268	0.0207156932452226	0	0.27727200629015	0	0.0167981740738931	0.0132559935763219	0	0	0	0.0383158310869477	0.14173399773387	0.0140872583569152	0.267997863762203	0.026631163753175	0.0899130064344303	0.0270877242104391	0	0	0.0403673901419274
TCGA-55-8092-01A	0	0.0228540803116293	0.350465638983928	0.268258830594526	0	0	0.0365433060000618	0.0137719371943883	0.0534040872788646	0	0	0.0248505023065566	0.00320701487569518	0.037358912794846	0.102908599795808	0.0591851136513266	0.000509284611619134	0	0.0266826916007511	0	0	0
TCGA-50-5068-01A	0.00366863022819546	0.0544099162001452	0.148611684121911	0.130935756179992	0	0.053013821054346	0.00214589093435678	0.0527434660391031	0.0198147803569833	0.0245357879119832	0	0.0527519220534183	0.00872776504240316	0.0113821177470165	0.108051004507555	0.133271537359024	0.162048042695708	0	0.0325522849745267	0	0	0.00133559259333191
TCGA-86-8281-01A	0.0126230272114295	0.0274963197694418	0.169983228289672	0.0523628105997223	0	0.126243835555538	0.00856661132721182	0.0517635706041997	0.0616431831257208	0	0	0.057414902982182	0.00741491171307516	0.0636163806897854	0.0431447671618013	0.134457223127621	0.08597809636394	0.020070688078845	0.0762929049547737	0	0	0.000927538445040605
TCGA-78-7159-01A	0.00596609747626132	0	0.246631012067348	0.0404291109498252	0	0.220313569459923	0.028608219103682	0.0241382006360976	0.0173098548808384	0	0	0.072117031420249	0	0.129247849541979	0.0740311275294262	0.0553094661664806	0	0.0224952753190457	0.0102998231929953	0	0	0.0531033622558488
TCGA-MP-A4T6-01A	0.058072854965046	0	0.0288921873331593	0.0460103067892409	0	0.174663857947847	0	0.0324571668510173	0.11106602565187	0	0	0.0194591906398935	0.00109278669928581	0.273525683745519	0.0759822182918862	0.084727731667824	0.0132017963250086	0.0203577514770327	0.0600310185597736	0	0	0.000459423055595296
TCGA-55-8085-01A	0.045123749817612	0	0.0406187343573301	0.167547466727518	0	0.0680647625389485	0.0726996735189236	0.0403370191564729	0.0583871164577242	0	0	0.0386619542661193	0.0188481623311875	0.162415353349824	0.0969163978508023	0.116838968627072	0.0132074670679403	0.0281117782891037	0.0247716478695917	0	0	0.00744974777382957
TCGA-55-7227-01A	0.0072566931214167	0	0	0.0422324535717008	0	0.199751308480659	0	0	0.0455918642142241	0	0.0010119338964471	0.0228616646391846	0.0245085884705379	0.0905970657728921	0.0721332698227591	0.0897763071573101	0.289446947125409	0.0315598508197918	0.0738539858118374	0	0	0.00941806709583101
TCGA-97-A4M5-01A	0.0122758876088772	0.0136785897776468	0	0.0388346798464723	0	0.186707270530049	0	0.00049655302018067	0.0103404545652095	0	0.0725460393724751	0.00872283426833392	0.0162798013926294	0.162436044195215	0.0593726228269424	0.27459501494849	0.00398520309649478	0.0119844956266505	0.122243606112934	0	0	0.00550090281139914
TCGA-49-4486-01A	0.056700537275361	0	0.248646511164478	0.0656593141244233	0	0.154292103626809	0.00798108468969586	0.0416675756000003	0	0.0358796188415075	0	0.0343132065734191	0	0	0.0535971529249398	0.187498894305267	0.0729739731610606	0.0159090302853468	0.0233936563365179	0	0	0.0014873410911735
TCGA-55-8514-01A	0.0022372579830404	0.0246202986389924	0.0462167642666641	0.0225610317745045	0	0.225121482619333	0	0.0302140151212875	0.0437582530546339	0	0.00565933763898615	0.0100557375314335	0.0775722201922191	0.0493506051109181	0.0561693444689685	0.309716181924261	0	0.0531419915929484	0.0305357528095711	0	0	0.0130697252722385
TCGA-55-8094-01A	0.092048245619035	0	0.0697548428984127	0.0913448887080536	0	0.1181913491836	0.0184724392477355	0.0866904387911321	0	0	0	0.042230804152669	8.80688721497623e-05	0.129224910161145	0	0.107289537385305	0	0.204546978289889	0.0363283012101045	0	0	0.00378919548076898
TCGA-44-4112-01A	0.00743869400497763	0	0.165397786111845	0	0	0.181679804720217	0	0.0125932640894309	0	0.0280977983615602	0	0.0642573307113912	0.00472839826832148	0.069302294520325	0.0369423303259022	0.21772348569532	0.0723352580124105	0.0331302889217891	0.0790176663104858	0	0	0.0273555999460246
TCGA-44-3918-01A	0	0.022825329174918	0.0838527912547267	0.026634913187312	0	0.225865495728477	0.118140441231855	0.00444748592201671	0	0	0.0134985652198056	0.0136721191546531	0.000269387696906349	0.0133129562850836	0.0929625951892828	0.260014932629052	0.0239366400302477	0.0427201681502509	0.0407773490496971	0	0	0.0170688300957152
TCGA-49-4490-01A	0.0303331934069349	0	0.0207332751904532	0.0824894171733913	0	0.16868577704994	0	0.0236531287408455	0.167632649731768	0	0	0.0336539222354741	0.0230514944921349	0.184343543586372	0.082680396878746	0.0711435751858526	0.0254836429144257	0.02075355549841	0.065362427915251	0	0	0
TCGA-95-8494-01A	0.000396169711386708	0.000366898589624325	0.00338730596738511	0.0113808731177959	0	0.14231050503745	0.0284953432234206	0.0319627931470948	0.0159909665896129	0	0	0.0238569489379251	0.226417935906526	0.0176111295776399	0	0.0970193254131622	0.191291593619164	0.130212636474025	0.0792995746877876	0	0	0
TCGA-MP-A4T9-01A	0.00247605625231425	0	0.0123515344164838	0.0377203858741064	0	0.237585568732073	0.00170605970141801	0.0147788082293149	0.00391203152472427	0	0.0293536038683935	0.00848335268302135	0.0245575774379978	0.155323975626797	0.0831411425975428	0.253777613871284	0.0402483920640813	0.0252653793382152	0.0546358293020868	0	0.0016871635213013	0.0129955249588435
TCGA-69-7760-01A	0.0618598406059265	0	0.0434883202820842	0.00562628152474557	0	0.108929484045968	0	0.0466102217083166	0.0142427131020786	0	0	0.028376858042376	0.00421241896310457	0.178135473687764	0	0.127761622995742	0	0.341203824605559	0.0378413875326147	0	0	0.00171155290371973
TCGA-55-7573-01A	0.0184570466619076	0.0941851317098878	0.0565815603191118	0.0780116345141631	0	0.14432115186235	0	0.0618450985677354	0.0287746303666817	0	0	0.0501163581510464	0.00863641590537835	0.0412195100124002	0.0848550867986737	0.0533741265488006	0.151287293021655	0.0329700444480425	0.0900056337798323	0	0	0.00535927733233431
TCGA-44-6147-01A	0.0291594103617405	0.0225234126763145	0.0859925130790918	0	0	0.26849954226139	0.0253354525214752	0	0	0.00771115240209546	0.0157376503937969	0	0	0.28277636614277	0.0625848279645766	0.109685031881794	0	0.0243509486584592	0.0656436916564965	0	0	0
TCGA-MP-A4SY-01A	0.0191147456280472	0	0.0320212552773618	0	0	0.133876614466142	0	0	0.0321134403813845	0	0	0.00782588891830063	0	0.341445827748482	0.0440837267614249	0.172473742001154	0.166664063869736	0	0.0425417258412018	0	0	0.0078389691067653
TCGA-MP-A4TJ-01A	0.0190063609600124	0.00878576487053895	0.029551588508391	0.174755624481527	0	0.197576279212251	0.0654237617409035	0.0536625680609015	0.0433982332089202	0	0.00527524824321194	0.0277095286411761	0	0.13796585856586	0.106553687356685	0.0771823874228096	0.0223426902980574	0.000282868612334333	0.0256830106776857	0	0	0.00484453913873393
TCGA-55-6970-01A	0.0299326097626827	0	0.139544689205428	0.0194510885642694	0	0.121059572931777	0.0165120649617836	0.0468353155555562	0.0122211514847421	0	0	0.0223421592823874	0.0171953706621862	0.0925829956870254	0.0788714908155512	0.191056452719589	0.00169948254993387	0.0961582478437871	0.11349357326444	0	0	0.00104373470886058
TCGA-49-AARQ-01A	0.079948409663338	0	0.0722026726645729	0.13627504155922	0	0.0697830746328221	0.0191776254590307	0.0838645997436234	0.0155872889470959	0	0	0.0297487554739317	0.00250826186777265	0.0845774926324053	0.257642546794774	0.0851443782505407	0.00202843313759168	0	0.0615114191732807	0	0	0
TCGA-44-A47B-01A	0.00726489276204296	0	0.026061946679975	0.144528946630376	0	0.0459606750535431	0.0374807439516872	0.0586187968810924	0.0396624596173779	0.0170288991027236	0	0.0491043800050663	0	0.183206674263252	0.0515105173204286	0.151395112516557	0.0979590605010836	0	0.0902168947147938	0	0	0
TCGA-05-4384-01A	0	0	0.0382420488337943	0.0536351831006	0	0.188242643122831	0	0.00721561546888658	0	0	0.0252927517873576	0.00917896216543064	0.0112841409977219	0.147616566049552	0.0304665755609081	0.377342338115539	0.0522572858515044	0.0208267713004712	0.016422357451392	0.00292369896550379	0	0.0190530612285076
TCGA-44-7660-01A	0.00508748671944786	0	0.12284856514683	0.0296608401394047	0	0.0787265162636592	0	0.0139511363084818	0.00418471857098001	0	0.0217193584277267	0	0	0.147204058705007	0.182196788171776	0.352223792439573	0.0421967391071132	0	0	0	0	0
TCGA-99-7458-01A	0.0119065708150285	0	0	0.0933003699851502	0	0.264680336725967	0.00903854543180895	0.0529024786761045	0.0460376072483899	0	0	0.0478638188438144	0.0108149734442955	0.0856698318212714	0.0610395436333732	0.0993997342087044	0.108304563157923	0.0372689099097402	0.0693180504075163	0	0	0.00245466569091184
TCGA-75-6205-01A	0.0223227184391701	0	0.0200973600440021	0.052896823150887	0	0.24314516235011	0.0332855670275038	0.012603873108009	0.0207019658023141	0	0.0344249573976295	0	0.00197432510105818	0.0572462253449331	0.112958910130418	0.284796853056114	0.0183190672177876	0	0.0710184370466972	0	0	0.0142077547833662
TCGA-50-5045-01A	0.0747589117740739	0	0.0942419439360879	0.0975933462667444	0	0.0513072225945523	0.0371211937481167	0.0748218157477154	0.025556586127462	0.00921619722808354	0	0.0221215439112683	0.00901406699831009	0.02346971401366	0.0990499220805328	0.135725978407415	0.13934545354284	0.0218354261313173	0.0775329650040099	0	0	0.00728771248781069
TCGA-69-7979-01A	0.0330904639106713	0	0.111711648611378	0.0641844508188472	0	0.103722037074575	0.016651350234506	0.0608480505005265	0	0	0.0276771272244037	0.0124188309631199	0.0168979577829928	0.168136614117728	0.120951445174738	0.187707090958409	0.0129060554284155	0.0058978881956012	0.0487193522642254	0	0	0.00847963673986312
TCGA-49-AARR-01A	0.0858597611923258	0.00078550295012577	0.0501149614074353	0.120572807495916	0	0.157624412204822	0.00889635935961227	0.00635364500816219	0.0477069230165589	0	0.033209848307604	0.0125543861577463	0.00423769523542832	0.0443237777836201	0.017047614582916	0.272394827477755	0	0.00267099416938237	0.108414227327071	0	0	0.0272322563235198
TCGA-L9-A743-01A	0.0289938043686328	0.00732875984606314	0.0851845642818145	0.0207441273230173	0	0.220565616938447	0.0654961023337643	0.0433635494386345	0.0236802952790479	0	0.0307430926034905	0	0.00817694206389236	0.0744322280266141	0.0745189465025057	0.120524226479627	0.0584146983471571	0.0844663328705537	0.0294668155395267	0	0	0.0238998977572114
TCGA-55-7725-01A	0.0564952966418697	0	0.00855055385264256	0.0296268736659715	0	0.209728753992413	0.0375276292867699	0.0429963994653254	0	0.127051669748955	0	0	0	0.125243382827806	0.126991183062865	0.0674131549471266	0.0527953122541394	0.0177953898670461	0.09350329829968	0	0	0.00428110208738986
TCGA-86-7711-01A	0.00464966119898954	0	0.053309248388608	0.00297972754502763	0	0.198590003179565	0	0	0	0	0.0725529208495975	0	0.000210454590382099	0.318821965153138	0.0409348621977516	0.137536547593834	0	0.00155627794261943	0	0.132857850377473	0.000148181161201708	0.035852299821812
TCGA-49-6743-01A	0	0	0.191077745535568	0.0273619302037064	0	0.186055904718247	0.0168356556242051	0.0180010226128621	0	0	0	0.0232339602062635	0.00146049557271871	0.196973674542192	0.125036455428821	0.1636784329874	0.00819106430854971	0	0.0323681118277301	0	0	0.009725546431737
TCGA-44-7662-01A	0.0122664497683507	0	0.139333728253195	0.107711585348669	0	0.0233892256575668	0.0150990457713928	0.0401100013117155	0.0402268796751306	0	0	0.0574594442418344	0	0.239619219244838	0.0591315791834248	0.195860157032232	0.0200275532146942	0	0.0312765974095406	0	0	0.0184885338874152
TCGA-69-8255-01A	0.0612035723371186	0	0.0907938381385962	0.277768433852497	0	0	0.1648291402124	0.035640209659471	0.00709402308698513	0.0710750677290374	0	0.0675367587502149	0	0.031372494893732	0.0679992955074949	0.0820780927471188	0.00140799612789737	0.000532090197628689	0.0338200869410447	0	0	0.00684889981876348
TCGA-62-A46Y-01A	0.0354654775449306	0	0.0358514095685789	0.119644342650485	0	0.0813474117801257	0	0.0429052194345232	0.0263321939804277	0	0.0061139641229874	0.0163029833161664	0.0701196104368785	0.0705066030690353	0.0748526945525635	0.231195106500723	0.127086823905925	0.00520875970073693	0.0539195895305544	0	0	0.00314780990535854
TCGA-35-5375-01A	0.0188814785403968	0	0.179387575270815	0.149155427555224	0	0	0.0286112120987445	0.0420921313612644	0.0110012131596215	0.0807913211874784	0	0.00759903907844568	0	0.0432479816120738	0.146070780472131	0.140928463424404	0.0732624853651643	0	0.0667784706512222	0	0	0.0121924202230144
TCGA-97-A4M3-01A	0.0605164662803494	0	0.0735769737882791	0.081324915241602	0	0.176910286277822	0	0.0905806403698985	0.0261414217634434	0	0	0.0577503092937798	0.0418885519968972	0.00703872506315849	0.027529985239671	0.235031836646598	0.0458044934268907	0.0302576209044976	0.0146777936637342	0.0141537186744883	0.00880309281053315	0.0080131685583574
TCGA-NJ-A4YF-01A	0.0300981300264317	0	0.0954682171581095	0.0829287091867309	0	0.0466093288515549	0.0682859695169852	0.0517707278226476	0.0667913088171948	0	0.0248264423235247	0.000295583649644249	0	0.375817477842279	0.0528501828414456	0.0933264251210065	0	0	0	0.0101226200110656	0	0.00080887683137945
TCGA-91-6830-01A	0.0444228715545532	0	0.0394320541896314	0.0847637531253539	0	0.210242368587903	0.00830817130742849	0	0	0	0.0184337013955033	0.00685131998018343	0	0.199078471308212	0.132671306829309	0.143619816605189	0.00493927075108477	0	0.0654037468626103	0	0.00560546651414206	0.0362276809888961
TCGA-49-AAR3-01A	0.0238057101117676	0	0.0512244270085739	0.176404678422257	0	0.012044121856637	0.106586181292471	0.0383237194473432	0.0292706511335137	0	0	0.0541311193253313	0	0.175438214874129	0.10522753718722	0.13837363453306	0.0361946215277274	0	0.0411302446635364	0	0.00557340602940462	0.0062717325870276
TCGA-78-7163-01A	0.107112646059975	0	0.131049142977318	0.204167746832242	0	0.143040605699846	0	0.0455124981666671	0.0628799749294677	0.0118289873679203	0	0.0745385459468879	0.00174404701271545	0.00624016428949052	0.0354652685002542	0.0758083535226228	0.0219861606312864	0.0222003057030098	0.0553924005640796	0	0	0.00103315179621804
TCGA-05-5429-01A	0.0890113813204921	0	0.183026021705312	0	0	0.346151511675572	0	0	0.0312076065073184	0	0	0.00230943650755023	0.0163065417284565	0.0467940210627263	0.0196977080037604	0.138603952913222	0.064316518877393	0.00924881851420768	0	0.0526275410878203	0.000698940096169529	0
TCGA-80-5607-01A	0.0205698035592255	0	0.036070281330612	0.118555399965797	0	0.164428925811645	0.00176848371020583	0.0407285852441641	0	0	0	0.0650861346008383	0.0192212944736579	0	0.143401407479737	0.161246240142784	0.0942946884733974	0.0150638951207644	0.119564860087171	0	0	0
TCGA-78-7145-01A	0.00432447994219312	0	0	0	0	0.209258088112537	0.00131762821342377	0	0.00327371090061805	0	0	0	0.0477504128281703	0.192710458568808	0.0099945674768016	0.189882596583156	0.144922836255965	0.0894208550892832	0.0860904170417255	0	0	0.0210539489873178
TCGA-86-A4P8-01A	0.0177098529706086	0	0	0.110782061192058	0	0.320402442240908	0	0	0	0	0.0479968789375796	0.014153113504001	0.0105594278033748	0.165973122924639	0.0617609848774628	0.197506527652328	0.00914099960885633	0	0.0440145882881837	0	0	0
TCGA-55-7994-01A	0.0346463046425196	0	0.00799443593096288	0.218464457079053	0	0	0.0647745936154195	0.039351525077756	0.0253560233295789	0	0.0546065775577282	0.0132449839055306	0	0.150502221566909	0.134645990375824	0.155231338507491	0.025338862894681	0.0222333136896566	0.0536093718268899	0	0	0
TCGA-69-A59K-01A	0.0278838289524976	0	0.306952057839674	0.13467054265408	0	0.0306161271417951	0.0593186700702908	0.0329373436114796	0.00949845737510094	0	0	0.0106060925429052	0.00642259920921376	0.029948158763055	0.0733152353467146	0.13959145769584	0.0924860276394785	0	0.0384628004073381	0	0	0.0072906007505364
TCGA-49-AAR4-01A	0.0445540425114639	0	0.0882339633266578	0.411073709566729	0	0	0.0397184226687237	0.0551846225606022	0.0170090152582738	0.113817927602899	0	0.000851838827329644	0	0.0722827927541621	0.0417104339878762	0.0912578871145185	0.00770807927762513	0	0.00647000201106887	0.00786886490972382	0	0.00225839762234601
TCGA-91-8499-01A	0.0233308714332715	0	0.0675994692395491	0.13313849833946	0	0.126602567011178	0.0214188453441325	0.0556777881166363	0.0172163444392201	0	0.0123397406937056	0	0.001628389061926	0.085921821293764	0.138324746244281	0.147968622363795	0.134285140129792	0	0.021881112761078	0	0.00972854920071427	0.00293749432749533
TCGA-91-8497-01A	0.0632623041989116	0.0390498235127031	0.143836972545825	0.038251389921168	0	0.140662416897094	0	0.0504092976567619	0.0583755327285445	0	0	0.0352906190522871	0.00596588047031066	0.0483411436645426	0.0130915516967466	0.156399620741301	0.0805226733817199	0.0141517912232217	0.103480383433661	0	0	0.00890859887520193
TCGA-44-6778-01A	0.02133927116648	0	0.0462333360473542	0.042229008144417	0	0.281917374119395	0.0488432171280941	0.0710453378572933	0	0.00446248119604969	0	0.0175883529722991	0.00386949226170326	0.0951809726693103	0.11352095203702	0.16796172412771	0.0480635547432201	0	0.0233972124831458	0	0	0.0143477130465071
TCGA-67-3772-01A	0.0363634929776914	0	0.190202698571744	0.0462697674421659	0	0.116629047560294	0	0.00800609433389828	0.0151995414832701	0	0	0.0125032881845929	0.0382005656074402	0.0134562982346342	0.0236542991581716	0.152698454295437	0.233571168171157	0.040314502804588	0.0646298122849503	0	0	0.00830096888996537
TCGA-55-8090-01A	0.000172235056749143	0.0115931332876303	0.0486306376465095	0.0205297736345271	0	0.245534692903312	0.037161211719795	0.0506585701981523	0.00626207414890273	0	0	0.00744003443037914	0.0530347511368993	0.0641879955183398	0.0705874073984218	0.208009289935984	0.115911204300773	0	0.0498695578660855	0	0	0.0104174308175401
TCGA-78-7537-01A	0.0175396728257844	0	0.230144753255885	0.140604948713627	0	0.0852475069842047	0	0	0.0629833199655173	0	0	0.0628554446288465	0	0.0217740248015597	0.00555022009693709	0.1932653509664	0.0679799724882542	0.0415214454383466	0.0705333398346375	0	0	0
TCGA-91-8496-01A	0.000742805730487854	0.00557215374396254	0	0.0570401740579768	0	0.0999037965273011	0.00206016410648648	0.00381444330270217	0.00994382090589713	0	0	0.0299651696035701	0.0812486121746543	0.1360534887004	0.012368402353321	0.214708286029689	0.120025835221949	0.0111444232849232	0.171412725680417	0	0.0134528630447769	0.0305428355314855
TCGA-55-7281-01A	0	0.00164642734101235	0.00338953255782351	0.0562501854811282	0	0.131494295068217	0.0245869042048685	0.0341133260864695	0.0301067520396955	0	0	0.0272259597970492	0.0325076434720697	0.0681684215958622	0.0918185303011313	0.11319501893434	0.283635617484015	0.0299420004058631	0.0682177558467295	0	0	0.00370162938372578
TCGA-05-4424-01A	0.0342851465408273	0	0.0151831996829928	0.0821383724453701	0	0.19610477867723	0.0251553534862884	0.00864924101659274	0.00331633420760461	0	0.00537378116260965	0	0.069416582805939	0.138279628626282	0.11429481339703	0.20743317231328	0.0250791811180613	0.0115479641201765	0.0558459214560801	0	0	0.00789652894363545
TCGA-75-7031-01A	0.0132515009011557	0	0.0905089053440869	0.0877301450214906	0	0.208173846602011	0.00441282632817289	0.0131618634937135	0.00871542907674026	0	0	0.104466523443005	0.0105244532964975	0.0731865190083925	0.137536021640411	0.150751315023148	0.0331267890597066	0	0.0603067936092769	0	0	0.00414706815219175
TCGA-05-4397-01A	0.0278848157786171	0	0.0516123598544537	0.0423690454828709	0	0.0753920493759686	0.0492166407767863	0.012677617796402	0.0262953344242684	0.00782702655714508	0.0165323894010798	0	0	0.0889412820605396	0.117503540771482	0.299942981137575	0.00650134999833393	0.0838127962590436	0.0544916791548531	0	0	0.0389990911705808
TCGA-55-7914-01A	0.0232902967598201	0	0.221523501211277	0.133063690754937	0	0.159385194740571	0.0431476619822646	0	0.0420470162805599	0.0320326805187495	0	0.00852814152368328	0	0.0480450840135742	0.127825711375279	0.0980560553652207	0	0	0.0630549654740636	0	0	0
TCGA-50-5942-01A	0.0626336639819103	0	0.190688606732977	0.0511848714645039	0	0.220220476006754	0.00389543996131417	0	0.0362210889532356	0	0	0.0626659076838469	0.0228700073887109	0	0.031451542553086	0.0894185799434807	0.0581999111508856	0	0.169160481869618	0	0	0.00138942230967679
TCGA-05-4395-01A	0	0	0.0374284260276003	0.088562634993929	0	0.151703650970127	0.055207854891109	0.0645920935048242	0.0185648746455888	0	0.0553463539371957	0.0321239970444937	0.0768103091164631	0.0423530164062316	0.092227908848332	0.150433934719537	0.0293879188099391	0.0462675417916938	0.0503738511489411	0	0.00656591728599939	0.00204971585799465
TCGA-55-8208-01A	0.011577451912441	0.00148315554978625	0.0759160816880842	0.0264052531917977	0	0.169403796908201	0.0146137648356328	0.0477311600946175	0.0298940170558871	0.0202807497836882	0	0.0427439532209926	0	0.16359310939701	0.143069071934301	0.177570850876455	0.0110134887091496	0	0.0486881402047066	0	0	0.0160159546372492
TCGA-93-A4JQ-01A	0.0145622899883206	0.135039865575008	0.00806426547757463	0.05949007823825	0	0.253195769086612	0.033408768434282	0.0661389721921426	0.0650579917024983	0	0.0019920918843925	0.0257033386389098	0.00152749553371471	0.168133639873315	0.0839821941660362	0.0631850279811599	0.0116549559177546	0.0019744522666257	0.0043766983565938	0	0	0.00251210468680905
TCGA-50-6597-01A	0.0110620337517028	0.0138646532113838	0.148570602688986	0.0601433159074735	0	0.0993027670648725	0.00869302231465567	0.0284854438589682	0.163424269196388	0.0225830630758945	0	0.0487041177616637	0	0.021697687914748	0.114199774266173	0.0695932347931164	0.104749515884217	0.0328812930143684	0.0520452052953889	0	0	0
TCGA-50-6590-01A	0.0160371582359672	0	0.0941617591306449	0.0622388371113005	0	0.124895164218527	0.0735906522070906	0.0147217650173704	0.0209055334183842	0	0	0.0519427985245492	0	0.222071068930804	0.127014026345185	0.137308239691681	0.0154285341385458	0	0.0378424326079927	0	0	0.00184203042195829
TCGA-62-A46P-01A	0.0244969723946724	0	0.148974765168167	0.0590207615955351	0	0.106089286844342	0	0.0570626607520346	0.0275107078404137	0	0	0.0704678322883718	0	0.0428426090598503	0.0173822287684234	0.276600468443505	0.0157809181011902	0.0584127363847863	0.0719861271107117	0	0	0.0233719252479964
TCGA-97-8179-01A	0.0221696104096788	0	0.0100851728314405	0.0596749279387833	0	0.10277145646489	0	0.0810719457622164	0.0297078113187019	0	0	0.045045181396544	0.0406882041500946	0.116395609624381	0.0533388865210626	0.164771226851384	0.148576054317744	0.0144094698098992	0.0705935755877556	0	0.0325675974913798	0.00813326952404421
TCGA-55-8615-01A	0.0128253549479926	0	0.00952841227942114	0	0	0.0926019960961907	0	0.0808740177537731	0.0916582923744375	0	0	0.020093046540171	0.0055582888599592	0.490951474179118	0.0135119187785676	0.0895218304021543	0	0.0643553919022905	0.0274215089077173	0	0	0.00109846697820667
TCGA-71-6725-01A	0	0.0226220335342722	0.0874611307799764	0.00297635665275499	0	0.0350417273007405	0	0.026318633410628	0.00282327699381214	0	0	0.0237584671077542	0.15938002416682	0.066009749006852	0.0249654921716557	0.27844448319212	0.0671039854912227	0.107913129051269	0.0342230197917697	0	0.0494253496579426	0.0115331416904098
TCGA-73-4666-01A	0.00649754477117507	0	0.00647361633782479	0.272524769720375	0	0	0.203917695290361	0.0198633526089454	0	0	0.0485202308898245	0	0	0.0615854390417821	0.103227718220056	0.156750513917208	0.0503524229841591	0.0102670644246197	0.0569379339519597	0	0	0.00308169784171
TCGA-49-6761-01A	0.0110222513271209	0	0.0142054696475878	0.0554740325112936	0	0.104007882736803	0.176411294044425	0.03497651541566	0	0.0236194238502474	0	0.0886625112219284	0	0.135098339089321	0.112411976389281	0.15377337531024	0.0354901839348772	0	0.0499236616026278	0	0	0.00492308291858777
TCGA-62-8399-01A	0.0148206452549059	0	0.108573276900228	0	0	0.249683227384207	0.0406545626465176	0.00345788140389533	0.0154249627333439	0.0161349142250676	0	0.0415866230424431	0.0576040387943087	0.0354270947853301	0.0503804438679002	0.142733369208089	0.00387268501923054	0.0588742656151659	0.0890701794539011	0	0.0314670865687595	0.040234743096706
TCGA-78-8648-01A	0.000810695783659611	0.00639159322790908	0.0635639647478684	0.156518920307362	0	0.029145877043208	0.0425381743395865	0.00815967917723617	0.0228498403564571	0	0.0141632876850357	0.00305436591326326	0	0.443963636518195	0.042324418842105	0.129826845668698	0	0	0.0366887003894153	0	0	0
TCGA-97-7547-01A	0.102122543039958	0	0.158595272420375	0.0422672164473731	0	0.121210128291961	0.00516269688083257	0.0232522545330538	0.0568885285005183	0	0	0	0.0389587171242972	0.119791707200075	0.0463269226125007	0.165632122417566	0.0175857373330533	0	0.102206153198435	0	0	0
TCGA-44-6145-01A	0.0143038072363298	0.0144209928445633	0.1368535047793	0.25195233683344	0	0.0502115281219274	0.0680265392620483	0.0135596012824184	0.0120567943124442	0.00416660837892482	0	0.0257799377528108	0	0.0760913609856187	0.100682579336146	0.115213951355208	0.00866005175693966	0.0377542218118095	0.041727376212937	0	0	0.028538807737134
TCGA-80-5608-01A	0	0	0.0602319984821239	0.142482037544281	0	0.199850896114599	0.000489764372584985	0.015591421091981	0.0589829372438674	0	0.0652983472022362	0.0178850213538994	0.00330588889741685	0.0407608084998901	0.0819614586018552	0.129908391444149	0.0453269724544064	0.0378846519319015	0.0494597271740291	0	0	0.0505796775907795
TCGA-78-7535-01A	0	0.0387258671252002	0.0305044159092469	0.0515065781018456	0	0.0898483798529902	0	0	0.0169694466104278	0	0.0202375137976438	0.0193926026815622	0.0251108541796359	0.189865587050463	0.0194066368506751	0.243606657281243	0.230548960705997	0	0.0174475552729464	0	0	0.00682894458012257
TCGA-86-8358-01A	0.00728241048632504	0	0.16999274834625	0.00226711710331246	0	0.102085741448607	0	0.0479056289991492	0.00258465641054019	0.0132338588560969	0	0.0757882423298258	0	0.252815282492073	0.106303008513437	0.201277560806865	0.0148741080915559	0	0	0	0.00358963611596352	0
TCGA-44-3919-01A	0.00248274847253423	0.0204510087197121	0.057224478177002	0.112859619970398	0	0.136436075222977	0.00614871065385847	0.0263158228720003	0.0432538620153262	0	0	0.0553033622701918	0.00287833513658377	0.0736118480612322	0.133563029093733	0.127903405605875	0.133235791207271	0	0.0576414940731106	0	0	0.0106904084481946
TCGA-86-7955-01A	0.0856938158816491	0	0.063035510286666	0.167891708079582	0	0.112498644290201	0.0247972670699305	0.0742837338680238	0.0515782688166088	0	0.0285355190825053	0.0450300778367541	0.0173695541748016	0.0686015930507579	0.060619676360371	0.0484129999597205	0	0.0700180665432913	0.0816335646991367	0	0	0
TCGA-67-6217-01A	0.062424917348082	0	0.104556539513551	0.0452514216312187	0	0.200659368529847	0.0144238966483843	0	0.0349510367728041	0	0	0.0101495937393005	0.014459813135594	0.0191478324223009	0.0801949570898554	0.119102981589962	0.157688766488799	0.0194347708086166	0.117554104281685	0	0	0
TCGA-78-8662-01A	0.0614133523007884	0	0.0348359403128143	0.115833295084255	0	0.156049783457565	0	0.140642640121449	0.0110547036046348	0	0	0.0239457224107866	0.000188401280821564	0.146780061541413	0.129352793455498	0.14188136011442	0.0258509768746688	0	0.0066515738629113	0.0055193955779732	0	0
TCGA-97-8176-01A	0.0367537811791595	0	0.0319260381374	0.055619797963414	0	0.0611113473725129	0	0	0.00731354838071451	0	0.00291937747500214	0.0238349361914614	0.0071182471979584	0.243399415115196	0.0277856229606024	0.326080724345975	0.0137845279105106	0.00256178288747742	0.11453491980736	0	0	0.0452559330752547
TCGA-78-8640-01A	0.0370243989725065	0	0.213769172768587	0.0294725103311965	0	0.0358058015032017	0.0273879368254973	0.0421734064002365	0.00550004918806244	0	0	0.0408323124424388	0.00271884076903798	0.276731564592065	0.113068434362676	0.149141097392814	0.0175335301997886	0	0.00353850482386792	0	0.00373439602571893	0.00156804340230429
TCGA-49-6744-01A	0.0508719449574846	0	0.103160093889661	0.0799065556436605	0	0.182203225673141	0.0261498256311232	0	0.0392769977633355	0.0558398903014902	0	0	0.00989308720436807	0.0590630469875991	0.0388527770021499	0.105541342301594	0.126083922539954	0.0529151905466716	0.0622653304011342	0	0	0.00797676915663313
TCGA-55-8512-01A	0.0231114247751134	0	0.0551052236561441	0.0931436226531769	0	0.15924880072993	0	0.00820370957026363	0	0	0.0358230147418973	0.040359607026035	0.0534057337002804	0.118329659977504	5.26584875445773e-06	0.245314298316769	0	0.0424600391214637	0.0329914104653795	0	0.00472633179851078	0.0877718576187775
TCGA-49-6742-01A	0.0245076851430812	0	0.0757754669415474	0.0638767334661693	0	0.115509907702166	0	0.051677170174932	0	0	0	0.0813769055856192	0.0286076484144544	0.066730565025699	0.0347912923599527	0.264890426779283	0	0.0836633640413884	0.0998924735613798	0	0	0.00870036080432804
TCGA-50-5935-01A	0.00395795571656699	0	0.0705641437853386	0.0434988376083043	0	0.225548660196107	0.0111981523499865	0.00394859086095997	0.102945772550836	0	0	0.00496323472822619	0.00857045078828368	0.129721018829091	0.0392573794421756	0.0675734034184528	0.136389187964795	0.101093205703438	0.0480962475392615	0	0	0.00267375851817822
TCGA-38-4629-01A	0.00589905933649057	0	0.117374997903578	0.0459751993683986	0	0.0860698747777304	0.0163601605364954	0.0223292104344533	0.01256548369263	0	0	0.0837859779818922	0.00552504113746707	0.109209920953757	0.108541933865039	0.284721197232334	0.039984356343517	0	0.0290252522841453	0	0.00465881750077319	0.0279735166512992
TCGA-55-8089-01A	0.0128624149555012	0	0.0221059848415596	0.243917689283379	0	0	0.0542052985756021	0.0216890174953516	0.00377191887974768	0.00996480977950126	0.0527488889301974	0.0325558662559088	0	0.112728358652617	0.192893940004087	0.142218119861164	0.0145566889164153	0.00792258952716958	0.0758584140417985	0	0	0
TCGA-MP-A4SW-01A	0.0296790477376152	0.0179725049523756	0.103925034589858	0.0716430873478473	0	0.15867596087429	0	0.0301249458508123	0.0850337643249107	0	0	0.0363904672556761	0.0151311486142313	0.101820134765241	0.0320307588853277	0.205388621176811	0.0377959622694724	0.0216560694789478	0.0432617397899052	0	0	0.0094707520866778
TCGA-78-7162-01A	0.0355073933844867	0	0.030191976544583	0.132834325756934	0	0.29427958702277	0	0.0269918855460382	0	0.0110361495864138	0	0.0232634176687022	0	0.0478196841683052	0.0720066768628734	0.159148356687507	0.0341180049298561	0.0456597611584976	0.0871427806830325	0	0	0
TCGA-55-A48Z-01A	0.0468404743245276	0	0.100782342649771	0.0454385927167661	0	0.146673152608231	0.00039456275160492	0.0235511842681995	0.0442722059512324	0	0	0.0308216612429909	0	0.259990668688806	0.0766793839072864	0.156326163762609	0.0303124854909971	0	0.0379171216369782	0	0	0
TCGA-50-5931-01A	0.0804913943021824	0	0.0596638977041999	0.0871323462363422	0	0.0395455144871592	0	0.128889224175685	0	0	0	0.0201088013683067	0	0.355417458854993	0.0699741051631378	0.0775102108216129	0	0.0669493114044611	0.0143177354819203	0	0	0
TCGA-55-7911-01A	0.0300505557397184	0	0.00723908250905115	0.174935190219726	0	0.0455353179945963	0.149474331229586	0.0634513984464596	0	0	0.0515638006735388	0.00472037169702256	0.0105458757270264	0.0315762365252063	0.0778545182404148	0.138430402176057	0	0.16992886841388	0.0446940504077159	0	0	0
TCGA-73-4676-01A	0.0109899594110903	0	0.020078533562884	0.0315849259249273	0	0.0877971727902138	0.00904513771480967	0.0150929705564588	0.00473377544816446	0	0	0	0.0758337586405049	0.165908981369091	0	0.316926606420393	0.029166645900571	0.0608323390453812	0.146238250339388	0	0	0.0257709428761226
TCGA-55-1596-01A	0.0163119426518832	0	0.114625786157283	0.00980067154852083	0	0.142359003986154	0.00451961006328546	0.00832195759479407	0.0619762976745234	0.012895542163803	0.00368903204435566	0	0	0.221811948083127	0.154861877886462	0.156149522842852	0.00043637348677011	0.0369811036191717	0.0523919331423039	0	0	0.00286739705471093
TCGA-44-8119-01A	0.0661206243765624	0	0.182137153530089	0	0	0.0306277879678737	0.0595052617773613	0.021752141368508	0.00749711554831233	0.0250739524141605	0	0.0302492890733057	0	0.305583406574097	0.0590383258556305	0.190404543755063	0	0	0.0129916210819411	0	0	0.00901877667709544
TCGA-69-7764-01A	0.0807972205639191	0	0.203792085676811	0.0598917418480252	0	0.359866368466196	0	0	0.00803269000964173	0	0	0.0326463231681775	0.00731374009043152	0.0492267505197445	0.082942978063296	0.0742754065102547	0.00139241809561156	0.0089163426229277	0.0309059343649632	0	0	0
TCGA-97-7546-01A	0.0387300018041757	0	0.0777147199844406	0.0633239828221766	0	0.339260246018875	0.0165228819927341	0	0	0	0.00579665343674954	0.00224456468590398	0.0420301314573686	0.0252348376270109	0.0475168356412366	0.161598724707197	0.0530425510788309	0.0275996764722821	0.0948319131015676	0	0	0.00455227916945071
TCGA-38-A44F-01A	0.0520785066196654	0.0271303241452404	0.0725887918550065	0.0390271186856557	0	0.12358845401334	0.0116178561397031	0.0619842038690878	0.0577492294629581	0	0	0.0370808679613111	0.00531986310462392	0.0704781994667759	0.135867580324884	0.0922028354804842	0.111090916387275	0.00126423293766544	0.0953144910178224	0	0	0.00561652852850233
TCGA-L4-A4E6-01A	0.0235051035114152	0	0	0.0336693032323323	0	0.120817110545597	0	0.0195022742428162	0	0	0	0.014999094248363	0	0.232446972908693	0.0420148406273813	0.372967849328188	0.0491252560335775	0	0.0831736428671713	0	0	0.00777855245446493
TCGA-73-A9RS-01A	0.0141379391277103	0	0.211222609304818	0.0267236469585073	0	0.0802047014916009	0.00666647348172592	0.103199474557361	0.00548747098755882	0.00099426714759872	0	0.0727618075075252	0	0.0317797277147283	0.109049050774121	0.180053545485016	0.00664609146477838	0.010022768734117	0.13486275975929	0	0	0.00618766550354311
TCGA-44-5643-01A	0.0563825694007082	0	0.0458680782661759	0.0695856108005453	0	0.170319188943805	0.095635623343414	0.0458364189693145	0.0224438069541485	0	0.050465608482821	0	0.010243679545347	0.108595351918459	0.0937597357637128	0.109108903730068	0.0641346683913348	0.0355693062224857	0.0220514492676607	0	0	0
TCGA-55-A4DF-01A	0.00981809396116337	0	0.0497067694109071	0.0179464818716247	0	0.229642154639804	0.0413069869466957	0.037783097989841	0	0	0	0.0313718309693193	0.00417383876246863	0.229519734211935	0.22640380405169	0.066309172891887	0.00565498529574908	0	0.0503630489969157	0	0	0
TCGA-50-5930-01A	0.014913886453319	0	0.187124182971274	0.0638113595132189	0	0.110725926919747	0.0755800003889647	0.0269510579421895	0	0	0.017846061516525	0	0	0.247065969044606	0.0881399484498481	0.138377976187794	0.00903820195391471	0	0.0158302954555159	0	0	0.00459513320308385
TCGA-97-7553-01A	0.0488325113187297	0	0.0448828095525954	0.0578705464739842	0	0.171847687328822	0.000340988816270821	0	0.0123961828711459	0	0.0234121215374298	0.000905069680238718	0.0104699687037682	0.24426192607977	0.0500524971444181	0.179629931435871	0.0688626322724505	0	0.0480101674026013	0	0.00171689940907514	0.0365080599728283
TCGA-55-6980-01A	0.025437898017859	0	0.0293685081522043	0.0537307859723509	0	0.23054890255896	0.00134032260890722	0.0345063116258801	0.0362618466963102	0	0	0.0314256304925624	0.108219061497017	0.0377603085710648	0.0424308334765635	0.0641699386613597	0.178373023115252	0.0657086000191145	0.0590428135209274	0	0.000706272119158642	0.000968942894509114
TCGA-MP-A4TD-01A	0.0120903421315372	0.0744821513761157	0.15599026184212	0.0420943121921627	0	0.14067098649881	0	0.0330515581604868	0.0303056406612846	0	0	0.0298809867101637	0	0.277542284066989	0.00787342760437643	0.14311387542867	0	0.0246215710658324	0.0257350478280525	0	0	0.00254755443339915
TCGA-95-7567-01A	0.00585476651224154	0	0.211136203209291	0.0182634172198647	0	0.137070273157567	0.0375917292206657	0.037640852745728	0.0507101227428046	0.00331536701749682	0	0.0466686662564521	0	0.0198060765183537	0.103764062227435	0.254180912995728	0.0421267759146366	0.0314999130407618	0	0	0	0.000370861220974871
TCGA-95-A4VN-01A	0.0199249929739151	0	0.00196662330959471	0.172972321813784	0	0.10290494997276	0.0643657005865888	0.0635203503411355	0.0119077074405629	0	0.00922565463742259	0.0232668838173926	0.000762489344568553	0.120082539772328	0.11375849537892	0.179386301198378	0.0420520382025253	0.0110075352640989	0.0489503648273188	0	0	0.0139450511187054
TCGA-44-3396-01A	0.0201777407040078	0	0.122842156703603	0.0436602453941493	0	0.147686551710457	0.0284303442839608	0	0.0178029615520791	0	0.0386113308855736	0	0.00372294952496608	0.204468586219356	0.111714491644864	0.156638242921204	0.0369886831972886	0	0.000737375637960449	0.0254467810854356	0	0.0410715585350946
TCGA-05-5428-01A	0.00330496006477113	0	0.0125442188267912	0.0536796034997169	0	0.0806942957937486	0.0034847756663228	0	0.00628657091227773	0.0141350608054587	0	0.039265490456175	0	0.0877987869354366	0.0274576811674851	0.395425085950011	0.110475744226755	0	0.115132777460065	0	0.0100702424284472	0.0402447058065381
TCGA-05-4430-01A	0.0225059817593212	0	0.021619578053747	0.0514236398529756	0	0.0912913339380667	0.0126457706923282	0.0231949390304717	0.037821036329433	0	0	0.0105560654958662	0.00542902039151586	0.15967377692959	0.0777883841380334	0.190824911851047	0.153032244539634	0.0486383404894666	0.0721198593016784	0	0.000628804639244166	0.0208063125675813
TCGA-44-2656-01A	0.0108305605292567	0	0.0551120500604356	0.295765695716721	0	0	0.0784758141417648	0.0177938388899745	0	0.0255155699618169	0	0	0.0436875593841502	0.0326648974883943	0.142357503358839	0.166743131166388	0.063186341129398	0	0.0552145491994716	0	0.0102972396818545	0.002355249291535
TCGA-S2-AA1A-01A	0.0561791681450248	0.0373074422925455	0.132307434433586	0.07833837891489	0	0.261928030253895	0.0333516514440976	0.0286578423203288	0.040208155794891	0	0	0.013808619582186	0	0.101128954151661	0.0417858579796925	0.0508662404327432	0.0588246332000527	0.00335234559330526	0.0606767744189855	0	0	0.0012784710421151
TCGA-55-6642-01A	0.00564973236611299	0	0.339511617960043	0.0797634288161154	0	0.109934250428839	0.0878295201201579	0	0.0180585830615526	0.00955243996155287	0	0.0123028517183645	0	0.160846504264584	0.031191283824924	0.0967188008127294	0.00626055414549991	0	0.0423804325195235	0	0	0
TCGA-69-7974-01A	0.00981848465859041	0	0.0246581320705582	0.0714874613339044	0	0.119778463955962	0.0429513813882388	0.0416713837007081	0	0	0	0.0505370986798443	0.0207678785366426	0.0888163236752641	0.0601842561251101	0.287679742222894	0.0794855044700835	0.0307204558029988	0.0574984250679873	0	0	0.0139450083112135
TCGA-55-A4DG-01A	0.033010616962438	0.0800156074204265	0.140275482540918	0.0850572126692294	0	0.206218425379992	0	0	0	0	0	0.0249602331758108	0.0197607002697625	0.0369735591674169	0.113983168538879	0.119532459261187	0.00475075020583736	0	0.135461784408103	0	0	0
TCGA-50-5939-01A	0	0.0170127113162567	0.163332308186183	0.0261007896621064	0	0.182683982436355	0.0197622902160207	0.0124801607247101	0.00644985504425253	0	0	0.0209578305620352	0.00407432948856645	0.200658190912811	0.0745426304773142	0.21078121237894	0.00738239429733662	0	0.0011931429577532	0.025615952451292	0	0.0269722188880667
TCGA-55-A48Y-01A	0.0458851124636803	0	0.15879178785576	0.0246279824800434	0	0.127421246217218	0.0420224706353568	0.0327216144480826	0.0235281254077626	0	0	0.0411442319144381	0	0.287640481661823	0.0628940902215257	0.0662046259718818	0	0.00634768490013286	0.0601041158400542	0	0	0.0206664299822408
TCGA-MN-A4N5-01A	0.0116612240774504	0	0.00407168947408881	0.089782881273115	0	0.226137167430255	0	0.0725113889135296	0.00579097171816718	0	0	0.134040854697178	0.00994311401796375	0.0855947398845393	0.13628394352043	0.130756788040426	0.0115177784564623	0	0.0816468349334951	0	0	0.000260623562899858
TCGA-64-1680-01A	0.00843653241574605	0	0.0586979635044529	0.00303519492019543	0	0.228601898729579	0	0	0	0	0	0.0482501884091871	0.0037859977057095	0	0.0460628896374663	0.327457228255709	0.0147056407183235	0.0290302882772053	0.221647296498861	0	0	0.010288880927565
TCGA-95-7562-01A	0.0213630654590098	0	0.0555245992659954	0.0464454328784998	0	0.0962430892834521	0.060933405556182	0	0.0574622896375901	0	0.0211814010255059	0	0	0.216240570193662	0.127069276736355	0.230670449412096	0.0137545563251785	0.00307753624156693	0.0432482384268802	0	0	0.00678608955802622
TCGA-69-7763-01A	0	0.00786890616766785	0.176993009548843	0.0627750726727304	0	0.211571208906565	0.023946441666605	0.00850827053198938	0	0	0.0044558368676531	0.00287672532540654	0.00599829037841936	0.104555771669375	0.0151233235644938	0.242951857638555	0	0.0745672405469901	0.0453670275251032	0	0.00141694460491337	0.011024072384689
TCGA-55-8511-01A	0.032432625963572	0	0.0719536273235899	0.0816477218213514	0	0.17244483121712	0.0509658930984599	0.0472800164231032	0.0175834885821244	0	0	0.0506700770775616	0.00982016101315645	0.0986205799293881	0.140495574229081	0.141336477516226	0.0091478349688911	0	0.0689495401106378	0	0	0.00665155072573718
TCGA-50-5944-01A	0.00331086381572061	0	0.00975071733907538	0.0374195529464345	0	0.129434908826222	0	0.00790616258204254	0.00742858388780741	0	0	0.0497258390724004	0.0525614433814087	0.098038158106278	0.0230415509437387	0.31949281627876	0.0245368519854172	0.0154646502173506	0.215273703892	0	0	0.00661419672534402
TCGA-44-5644-01A	0.0553672419172151	0	0.204605978682205	0.114082476399213	0	0.0245417146854315	0.100587889639265	0.0640282283536744	0	0	0	0.0352397372066593	0	0.151131540931784	0.0245448006198464	0.108760103221856	0	0.0528683685263459	0.0108383436489012	0	0	0.0534035761676036
TCGA-50-5072-01A	0.053794297040204	0	0.10957349348484	0.0211387096927913	0	0.170658070906115	0.00389208479091558	0.0226523778433076	0.0211119245731374	0	0.01377307437694	0.00537860553133633	0.00317318472467422	0.19012636522091	0.0757559336579775	0.159894998050382	0.00297223044240435	0.056433593563735	0.0449215405331366	0	0	0.0447495155671936
TCGA-75-5146-01A	0.0129838220160168	0	0.198430109344964	0.0545828327382994	0	0.220783754199402	0.0187004728122309	0.0454430278912972	0.010497773035605	0	0	0.0200243382688247	0.0118663555042549	0	0.0511235695953809	0.217211470176207	0.0286178439021993	0.0244736215143854	0.0780143759662309	0	0	0.00724663303470083
TCGA-38-4626-01A	0.0050973661190413	0	0.0080412299026262	0.031093015575304	0	0.106785406427153	0.0119695947052998	0	0	0	0.0215866699501759	0.00636216740509655	0.030755721148607	0.258138947601322	0.0177880882964715	0.286518421094284	0	0.0695905414636186	0.0789621500409953	0	0	0.067310680270005
TCGA-83-5908-01A	0.0146503867900742	0	0.0181684889165037	0.366230567221911	0	0	0.191427321686052	0.0409175435139747	0.00348669401902158	0	0.0316854297977035	0	0.016308413653057	0.0729433527906526	0.103311398495418	0.067430649991863	0.0590357097593735	0	0.0144040433643946	0	0	0
TCGA-75-6212-01A	0.146007787734917	0	0.0560095498561355	0	0	0.131720794511308	0	0	0.0223297709206777	0	0	0.0409356803516892	0.00426717136205364	0.0349824476507277	0.00533247101667861	0.212681847400631	0.145753618805611	0.039336714230467	0.157515308809913	0	0	0.00312683734918985
TCGA-44-6774-01A	0.00176046499800012	0	0.0974599514474673	0.0259519188853517	0	0.14741462419739	0.00685544177207317	0	0.0120420056594181	0	0	0.0361389782419588	0.0195623978495132	0.261475041892601	0.0507855980880919	0.250465592773107	0.0186410753308582	0.0120747076339867	0.0355889922145059	0	0	0.0237832090156769
TCGA-55-7724-01A	0.0346383859345026	0	0.0442631204329844	0.0574750283298253	0	0.0992696325222654	0.0345962534275894	0.004629275337029	0	0.0513242974644293	0	0	0	0.157994462163659	0.110477662520004	0.17669344805458	0.0659028763637757	0.0516389560340641	0.0620477365887738	0	0	0.0490488648265183
TCGA-NJ-A4YI-01A	0	0.00273864660273437	0.0150171623782776	0.0180813327537564	0	0.106676179199894	0	0.033979409938252	0.0319384469110608	0	0.0220088160354372	0.00872348230742264	0.125999828805005	0.156279279568485	0.0165506124575096	0.240628671601738	0.121290087363025	0.008485613602287	0.0523967494577089	0	0.0184857863973087	0.0207198946200982
TCGA-55-8299-01A	0.0167658696420966	0	0.00156694741965247	0.266684651099986	0	0	0.0234231049909818	0.040972627722029	0.0338871244334154	0	0.0242699497893355	0.0349497316728865	0.00929508081525379	0.0625517417428395	0.145901273839819	0.103805140662945	0	0.153937604219095	0.076759239367135	0	0	0.00522991258252977
TCGA-J2-8192-01A	0.0129329526544582	0	0.0157756069398142	0.0153885995585902	0	0.286508011038337	0.000654241056148137	0	0	0	0.0146783499699067	0.00287171766499113	0.0471089917650932	0.205973948312651	0.0265151512413846	0.156078691985404	0.108054894832815	0.0385702314332697	0.0502115399898421	0	0.00310391953984575	0.0155731520174499
TCGA-55-8506-01A	0.00980211533520908	0	0.0782984282089716	0.0562291636731781	0	0.0646982048421283	0.0721968378998715	0.0225787727263468	0	0	0.0202376933365439	0.0152935616652946	0.0104722197101341	0.307010955216512	0.0630791000762008	0.213880361868092	0.00383934504004313	0	0.0557739598868636	0	0	0.00660928051461103
TCGA-86-8585-01A	0.0218781451769768	0	0.052215224997823	0.127031015458945	0	0.109546966578537	0.0908782362669853	0.0100103422568434	0.021740567449793	0	0	0.072865296695255	0.000894186551023042	0.230300414633934	0.0748953445607182	0.0968423977332683	0.00484311241903062	0.0050623954957204	0.0801671647871829	0	0	0.000829188937964263
TCGA-44-7672-01A	0.0195083034259733	0	0.129188689205545	0.0768432835512367	0	0.161068605976983	0.0475950643760127	0	0.056310440700478	0	0	0.065511177867943	0.0172230489043342	0.0913156199171128	0.0449245211148753	0.121179924623281	0.0261375386312555	0.0541869492150776	0.0840885755805012	0	0	0.00491825690939145
TCGA-64-5781-01A	0	0	0.145627656672988	0.308844536204798	0	0	0.146921773733264	0.0544831969450841	0.0188618072041413	0.0295446981703409	0	0.0697026849506228	0	0.0775723169525563	0.0396482282035253	0.0474147118568013	0.0140705036020955	0.0201759811274368	0.0209618129755008	0	0.00455394403193147	0.00161614736891378
TCGA-NJ-A4YP-01A	0	0	0.0845504716100077	0.13439888428575	0	0.0728011689745215	0.0396263818651125	0.0247543714945616	0.044852330110204	0	0	0.0842464558264124	0	0.192879252382472	0.0661946151815674	0.152383860650803	0	0.076972386779589	0.00946935931065114	0.00536531460003356	0	0.0115051469283147
TCGA-73-4677-01A	0.0129158834482924	0	0.182720457426164	0.0543250944498295	0	0.252955992629127	0	0.0181397962111166	0	0	0	0.047576975020714	0.0317001714839714	0	0.0374422090559013	0.145659671078565	0.0917268963720603	0.0285798151376732	0.0812512614568326	0	0	0.0150057762297523
TCGA-62-8402-01A	0.0153887612236682	0	0.0147044285761979	0.0221163338250044	0	0.0744223182000772	0.083748372108874	0.0295303239468079	0.0346714975121271	0.028126384656084	0	0.0594305304463755	0	0.209882730707871	0.26257612255855	0.0617137288720152	0.0162095209592302	0	0.0806230940430137	0	0	0.00685585236410387
TCGA-35-4122-01A	0.0113313543265442	0	0.137126172614758	0.109386268280459	0	0.0660956895174276	0.0576574157270432	0.0414053667706297	0	0.0416219148460591	0	0.00833690652352622	0.0437205264932551	0.0643286282521115	0.0737082150256091	0.2285131109073	0.0552205251422148	0.0103910144997653	0.0172408218337656	0	0.0164875735317938	0.0174284957077386
TCGA-69-8253-01A	0.0204549337669218	0.0200616831997926	0.207580656144339	0.0315508906482666	0	0.247506828003716	0	0.0017917196025238	0.0208815052331848	0	0	0.0436970319480913	0.00673925770768765	0.0391204392820291	0	0.10429163149066	0.0840725931765515	0.0904923595277856	0.0500429808991622	0	0	0.0317154893692884
TCGA-50-5066-01A	0	0	0.201462630727618	0.18299536604448	0	0.00806623890343636	0.109787630754537	0.00499639346289836	0	0.0467879390008525	0	0	0	0.0646520132527164	0.0985189554532492	0.20297345566923	0.0430780430332164	0	0.0255674886450691	0	0	0.0111138450526963
TCGA-49-4501-01A	0.0331200750555921	0.0193573811979996	0.0705162075963011	0.0787234974597591	0	0.180265872644617	2.46791285798223e-05	0.0412757051889441	0.0659862546089614	0.00190714346693346	0	0.0346577867268134	0.0106850759112569	0.0207209484548752	0.0353807750143991	0.138095278914464	0.0594183465298823	0.082766870076624	0.112941358353466	0	0	0.0141567436705306
TCGA-86-7954-01A	0.0248461959516056	0	0	0.0266873474169962	0	0.187285182771408	0	0.0655168759780109	0.024501697181665	0	0	0.0552633525800704	0.00523249010176976	0.0400577918842641	0.207218852756048	0.197761092671061	0.00611876368282413	0.0613422246982662	0.0952173343535121	0	0	0.00295079797249849
TCGA-44-2655-01A	0.0436937746919826	0.025393191917392	0.105909878859987	0.0287431619261126	0	0.204145060474418	0	0.0489803378743314	0.00346511028705605	0	0	0.0366077095635663	0.00492947129611985	0	0.0221437121601656	0.191567210745645	0.162577622995582	0.0278599878811674	0.0636723069489861	0	0.0193922498218494	0.0109192125556389
TCGA-50-6592-01A	0.0770027014177864	0	0.0686828357623672	0.121110967294608	0	0.123910120590535	0.0572579002345371	0.0240674879377481	0	0	0.0378009710395266	0.0480092629351924	0	0.195784428884559	0.0789325832458506	0.127993749084971	0	0	0.0276655119027661	0	0	0.011781479669553
TCGA-91-6836-01A	0.00509883369943809	0	0.11322356256456	0.103713741878442	0	0.1400855048119	0.098523338942884	0.0474624094112227	0	0	0	0.0508025020995012	0.014538986147673	0.13091247769485	0.036822490627068	0.127617420114165	0.0538108486156397	0.0367053651170499	0.00460720762114411	0.0122304159393592	0	0.0238448947151034
TCGA-44-6146-01A	0	0	0.0861309530539527	0.0809885936142668	0	0.372542556470681	0.0417015089994055	0.0141587308227383	0	0.0375891820428908	0	0	0.00740667092208017	0.00766631761948297	0.0751547650560732	0.138579845160484	0.0530563169042475	0	0.0456750073045422	0	0	0.0393495520291541
TCGA-05-4244-01A	0	0	0.0143260438374164	0.0385971751308333	0	0.149238569517867	0.0200524618981492	0.0329690988384722	0.0113094932823119	0	0.00986513025893187	0.00302723252017255	0.0553264142967513	0.159190084537104	0.0312392715567507	0.210698728514216	0.155981010085634	0.027939824079948	0.053153965304939	0	0.0179661763025661	0.00911932003793676
TCGA-75-6211-01A	0.0064782569738558	0	0.265794554850383	0.0388424751068693	0	0.182618136991205	0.00584589907823184	0.0108588693379119	0.103340805021609	0	0	0.0558818916823196	0.00797427758365724	0	0.024935016265525	0.135526271467301	0.068159190431174	0	0.0837297217324332	0	0	0.0100146334775242
TCGA-55-8096-01A	0	0	0.175738922553071	0	0	0.0795382738728054	0.0121165091065415	0	0.027770027164739	0	0.0554761011163324	0	0.00224402303064848	0.330455988826057	0.0362882881721778	0.238493183212897	0.0151090520785047	0	0.019288802429516	0	0	0.0074808284367099
TCGA-97-A4M2-01A	0.00139415652751343	0.0211053172903043	0.0441464444475055	0.108868022710615	0	0.0539002266510376	0	0.056152042986027	0.0207159078967751	0	0	0.0497439173650562	0.0243219562137829	0.231077520413251	0.0467649602554714	0.176293741272005	0.0439710263058613	0.00781974145552841	0.10728681970752	0	0	0.00643819850174666
TCGA-71-8520-01A	0	0	0.0443354355322155	0.00740549692074287	0	0.165512565782269	0	0.0217513842079765	0.0370218222017722	0	0.0374856949947077	0	0	0.302777571636076	0.0583762505474467	0.179280351078638	0.04253734072831	0.0293042899028303	0.0742117964670145	0	0	0
TCGA-67-3773-01A	0.036245319200207	0	0.0387988741794658	0.0448446339131973	0	0.19870216433678	0	0.0315931173231799	0.0139145953366909	0.0117082704926155	0	0.0806890322174327	0.00350791164119383	0	0.0759588069472096	0.175813003459818	0.149020978266091	0	0.133508314333862	0	0	0.00569497835225663
TCGA-55-A492-01A	0.0252247678877923	0	0.353232566259047	0.057440363109869	0	0.0601886910439486	0.0204336868959802	0.0594980088199634	0.0376956962313071	0	0.0198524056481137	0.0145349492014078	0.0125022125412689	0.0696793611206383	0.0328231242044702	0.147089819083278	0.0117911058302313	0.0206635124229479	0.0554563583623145	0	0	0.00189337133742141
TCGA-91-6848-01A	0.0133510490392533	0	0.0804325614894446	0.0510322742065641	0	0.267954752873995	0.0589031292771453	0	0	0	0.0197464280666517	0.0132517622430246	0.0296179516310569	0.164823178748868	0.139134782108193	0.13366741434484	0.0208791330384959	0	0	0	0	0.00720558293246788
TCGA-62-8398-01A	0.0376086845568171	0	0.043397091796963	0.0337986182876196	0	0.221020359611939	0.0382151009323994	0.0222255907988226	0.0539762241798125	0	0.0239695385635848	0.00927842354773012	0.00457585056418224	0.167470878651108	0.113512836152201	0.117829299150766	0.0547552364315564	0	0.0389545539658859	0	0	0.0194117128086124
TCGA-49-AAR0-01A	0.0557489805012101	0	0.0298293930084277	0.0902985504701781	0	0.0835487297740846	0.00579582648293513	0.0899602743265658	0.128441283395997	0	0.00863775803528982	0.00957938146984968	0.0220438311769173	0.120703327982586	0.0964849463361938	0.184938001441576	0.031199975411705	0.000112369893727617	0.0426773702927563	0	0	0
TCGA-93-A4JP-01A	0.0290408092531382	0	0.00644501567175813	0.0275793451388384	0	0.0622865832690841	0	0.0249528475198658	0.000392313949446244	0	0	0.0181374986957627	0.0674309719686281	0.145338938290193	0.0969153446716869	0.318579477595012	0.0162055861987887	0.0641124273036215	0.114602685257227	0	0.00592812262387959	0.00205203259306998
TCGA-78-7633-01A	0.0415602298722551	0	0.010735721956887	0.00572108116995051	0	0.298057795112251	0	0.0719564657015562	0	0	0	0.0409758120590306	0.0496034259269874	0.0248244341781647	0.0186009748936541	0.252849578818529	0.0200334299429198	0.101332796942176	0.0563970366323873	0	0	0.00735121679325064
TCGA-93-A4JO-01A	0.0421125878551451	0	0.0331347529619197	0.0725031349191372	0	0.265488072413364	0	0.03701382442855	0.0440285138063782	0	0	0.0162707902372144	0.00293597336684711	0.149695243727279	0.109114609028232	0.162250387895612	0.0214213077810256	0	0.039673375539423	0	0	0.00435742603987211
TCGA-55-7576-01A	0.0176203713484154	0	0.0117114735494176	0.135038776253368	0	0.0723308929186916	0.0485749075161881	0.0228922765489036	0.0566638730502832	0	0	0.0238856257247302	0.0449173412111299	0.116949408103284	0.0856284274747244	0.171852404908805	0.0825048803776351	0.0239422405631362	0.0813206116050476	0	0	0.00416648884624043
TCGA-97-7552-01A	0.00321963500714913	0.0624357866022541	0.0487935641666639	0.375388958762012	0	0.0476120812780334	0.00277418902084865	0.0143474600938117	0.0372414273152085	0.0340645167784474	0	0.0305262340780012	0	0.120788125425531	0.0923140513917017	0.068318367967425	0.0169947537591065	0	0.0421609856976663	0	0	0.0030198626561399
TCGA-91-6829-01A	0.0908207491882644	0	0.0446488338995106	0.0955066570134027	0	0.0460066031134985	0.0341210669171011	0.00192711032617592	0.0275976563522519	0	0.000257563963008	0.00669427500093959	0.00978431114109662	0.186470569794554	0.0216214303330887	0.243602067303905	0.0145548257627843	0.0387033011837107	0.128885790816126	0	0	0.00879718789058169
TCGA-73-4670-01A	0	0	0.180315993362138	0	0	0.186448065299073	0.00244480929762069	0.0178538121850719	0.00362796805594862	0	0.0132778899459584	0	0	0.188674344068095	0	0.127932432040908	0.00852627311795363	0.165333023084975	0	0.053193748934448	0	0.0523716406078108
TCGA-64-5779-01A	0.0222854249475158	0	0.351268245726803	0.121481835518758	0	0.244890336623738	0.0771713354924694	0	0.0188710580361449	0	0.00518955913657878	0	0	0.0728134495663488	0.0491872682604216	0.0296333370165806	0	0.00357001048563448	0.00363813918900647	0	0	0
TCGA-75-5125-01A	0.00195131268298409	0	0.0734421541537648	0.134555911236377	0	0.0831265070300223	0.0653126409765852	0.0467956546247276	0.0156554435091424	0	0.0202409318122815	0.00302537686768697	0.0275726386971578	0.0162945544608652	0.140296515756231	0.166566051348275	0.0947075213280726	0.0438804904505315	0.0528467262093652	0	0.00270340695220695	0.0110261619037229
TCGA-38-4631-01A	0	0	0.284955104804982	0.133413975008602	0	0.0310170927577417	0.0262663805770874	0.00428256033842715	0	0	0.00700179569450622	0.0334026175607184	0.000213011306826483	0.200336935266072	0.121542411222149	0.0469653928992418	0.0102246059085819	0	0	0	0.00877881903631138	0.091599297618752
TCGA-L9-A5IP-01A	0	0	0.130139700328984	0.133526932192962	0	0.0852227347802632	0.0322661864659973	0.0619489907394253	0.0349321608419325	0	0.00599590139845274	0.079807446586958	0	0.158796097197981	0.0416480448596065	0.10433660168276	0.00374976440963082	0	0.0236499833888962	0	0.054854082572263	0.0491253725538877
TCGA-J2-8194-01A	0.0059541836216047	0	0.0596150693153474	0.0333500821980804	0	0.189162255113065	0.0455027570091967	0.00454174715829664	0	0	0	0.0225022792507502	0.0663884644405726	0.0296417947074525	0.0890112981115842	0.179006500693032	0.125363209307202	0	0.0760727822238746	0	0	0.0738875768499405
TCGA-97-8177-01A	0.018703587413462	0.00883551576132738	0.0824617712311514	0.0768358979021913	0	0.120653114188858	0.00422099310126819	0.0250282924733971	0.0384806070178197	0	0	0.01362981355008	0.032535413111674	0.0668608470613281	0.0147788266316927	0.218482206121697	0.160462025456649	0.0353053505793139	0.050102716591969	0.0157515021368225	0	0.0168715196692986
TCGA-J2-A4AD-01A	0.0480274205690566	0	0.0875492483880368	0.0659545880628474	0	0.162280711632009	0.0125672853062941	0.0160336679493701	0.0219021609577463	0	0	0.00375917524054908	0.0347521945689187	0.153973016516578	0	0.2083829688166	0	0.12088280663254	0.0537620939789847	0	0.0101726613804693	0
TCGA-38-4625-01A	0.00896519850005375	0	0.0489372333153569	0.0272001410847622	0	0.0956342765568084	0.00918693055497676	0.0281715092397659	0.00780590756007751	0.0066448180781934	0	0.0620240722598688	0.0041721031251698	0.191244955742899	0.124420507233615	0.261242177504733	0.0156069003721333	0	0.095331052780036	0	0	0.0134122160915508
TCGA-67-3774-01A	0	0.016963879458653	0.0980152750969135	0.0996145783067016	0	0.198880903320327	0.0181466536236586	0.0248592724455876	0.00231400680206868	0	0	0.0554919080021436	0	0.0900722054708515	0.0919820495026178	0.144010014755423	0.0111439542910514	0.0194321773608537	0.0897311411949965	0	0	0.0393419803681526
TCGA-NJ-A7XG-01A	0	0.0141580655336292	0.0577481051345604	0.0535956165707074	0	0.264957910357927	0	0.0168328118466859	0.062163348770574	0	0	0.0836379348522807	0.00957046006057246	0	0.0129879582601044	0.0935265902384119	0.101449314285594	0.0896379065880059	0.137723318335605	0	0	0.0020106591653414
TCGA-55-6986-01A	0.0184728481375602	0.029779967881821	0.0264758096100726	0.0712506878807293	0	0.170685801627042	0	0.0153504592956202	0.0270550187355372	0	0	0.00840692737369015	0.0112585126150878	0	0.0212577692939515	0.342543735623492	0.116398331520194	0.0249093958520143	0.106355587347289	0	0	0.00979914720589898
TCGA-55-A57B-01A	0.0127575208687207	0	0	0.0339275658930362	0	0.189344601212882	0.00811381151996522	0.0165126635533657	0.0366673570763522	0	0	0.0446720381365005	0.0486072069855194	0.0317714542388835	0.0163123428078094	0.161590931317868	0.217532070544467	0.068125994193364	0.0998049604862423	0	0.00451001471928092	0.00974946644574218
TCGA-L9-A443-01A	0.0296986739086561	0	0.0519240246921421	0.0243854422167977	0	0.328238017521009	0	0.0450149904700956	0	0	0.00199749423592262	0.036421901861137	0.0133734815116949	0.0999840182648235	0.178373080106774	0.131622182534529	0.0388123656124384	0	0.0201543270639798	0	0	0
TCGA-50-6595-01A	0.0130850012461755	0	0.0253320769539979	0.0464451253157505	0	0.145252784158629	0.0229318973990851	0	0.0156123293769219	0	0.0226343212151239	0.0393895052505801	0	0.214939719116807	0.187849606617897	0.196353731994118	0	0.0394325890776132	0.0208648805616868	0	0	0.00987643171561415
TCGA-44-8117-01A	0.0194659111657415	0	0.0467899420839582	0	0	0.237760761210559	0.00680238804005551	0.0327828699534105	0.004512356423315	0	0.0190762168127254	0	0	0.264705492718372	0.0833883450094015	0.252356863072764	0	0.00177642389236565	0	0.0266459096583641	0	0.00393651995896728
TCGA-55-6968-01A	0.00725830358712638	0	0.137971236711203	0.016187172855749	0	0.099132581894057	0.0394664605567522	0.0443649422257642	0.0164390691896894	0.0570196660054283	0	0.0213312209697246	0	0.322799692761581	0.11167225847165	0.0967306954063875	0.0173857847080662	0	0.012240914656821	0	0	0
TCGA-44-A479-01A	0.0320071131915327	0	0.155432882886874	0.103168366195594	0	0.208900113254827	0.0396240598776363	0.0374319144269058	0.0197524900952267	0	0	0.0450535085194323	0.00696464578329114	0.0525540195283232	0.103251531833905	0.0991221551154556	0.0400429567521974	0	0.0566942425387993	0	0	0
TCGA-69-7761-01A	0	0	0.190173372062854	0.126222902193617	0	0.167628710366126	0.0777355429168873	0	0.0198466689636247	0	0	0.00372663149170841	0	0.10874404121649	0.109412915603696	0.0849276472689091	0.0233474112312442	0.00665973479274227	0.0611849894547347	0	0	0.020389432437367
TCGA-MP-A4TF-01A	0	0	0.246925710759743	0.0646943865149799	0	0.0393523307887261	0.0934731676140445	0.00349116783650734	0.000282561129556124	0	0.0705299358333809	0.0135280768897944	0	0.225515531523276	0.085520504468045	0.0644690158862519	0	0.0474074544180735	0.0230726740462853	0	0	0.0217374822913352
TCGA-78-8660-01A	0.0459963586876005	0	0.0721236483536362	0.112875742343679	0	0.150176826695082	0.0425920252861456	0.0502426742567341	0.0277102771040175	0.0238616010892078	0	0.0526154766572439	0	0.109281243746527	0.0940399346433957	0.143122395349559	0.0256537209491132	0	0.0463131506853082	0	0	0.00339492415275036
TCGA-05-4427-01A	0.0286133439979109	0	0.0907748872486969	0.0214058247947001	0	0.185592827036152	0	0.0016147056585872	0	0	0	0.0906604499059258	0.0260741284329561	0.095315255639489	0.0896172265480598	0.173494746387401	0.133481361662347	0.0158515018413432	0.0348119960681726	0	0.00403285872278875	0.00865888605546969
TCGA-NJ-A55O-01A	0.0260793843775457	0	0	0.0433564046580456	0	0.227049368388992	0	0.022333502930294	0.0226010087736546	0	0	0.0311156619954184	0.0172007053294021	0.0978087266443615	0.0635309272062391	0.318386382214149	0.0357361465037037	0.0146065520998545	0.0789418402871999	0	0	0.00125338859114053
TCGA-75-5122-01A	0	0	0.0193646020629891	0.282050424751854	0	0.072299439023254	0.0451740285442686	0.0249511240225547	0	0	0	0	0.0669052145140593	0	0.0452167757510323	0.289714965262242	0.0954838848606935	0	0	0.0453445283804282	0.0134950128266246	0
TCGA-86-8075-01A	0.0321576682192828	0	0.0814660385328934	0.0130088450111716	0	0.111223263361627	0.00291293246599643	0.0178620351283773	0.0191622993977054	0	0	0.00955104644984442	0.00517707999984488	0.114235234021154	0.0578185182321801	0.294284903169496	0.0237597624316737	0.0756900716590114	0	0.0778346788589947	0.0210813091560216	0.0427743139047251
TCGA-62-A46U-01A	0	0	0	0.0528056289285773	0	0.115305141278307	0.0477755115288216	0.0198179082850657	0.0209287192361228	0	0	0.0069724568767363	0	0.45768029513035	0.118673046265945	0.0914458928761986	0.0291998628215858	0	0.0271908242111388	0	0	0.0122047125611519
TCGA-05-5420-01A	0.00199213241646686	0	0.130230681657324	0.0172222108003046	0	0.0965000152130632	0.0490491471173162	0	0	0.0955453922290205	0	0.0429467454084049	0	0.125753994406232	0.140994096931209	0.173233775111675	0.0546596216085673	0	0.0517380679793546	0	0.0027129985799752	0.0174211205410862
TCGA-97-8174-01A	0.0209213732683962	0	0.0944426647222446	0.0676250177405182	0	0.318342690719477	0.00743424331746334	0	0.00244939317406573	0	0.00378809645613578	0.00970473729981879	0.0208945192013935	0	0.111587689532253	0.221546632319229	0.0116637266889608	0.0128365953404385	0.0931945401502722	0	0	0.00356808006933288
TCGA-49-AARN-01A	0	0.134685935227872	0.112998020397895	0.0314912668975649	0	0.168386216955048	0.00327693591088638	0.00529542756236045	0.125043584384294	0	0	0.0545933152519351	0	0.0874226304769197	0.0563403873093776	0.059920785210547	0.0672179443809407	0.0208179164821512	0.0725096335522081	0	0	0
TCGA-91-6849-01A	0.039123423746343	0.0107584331013631	0.162137837052088	0.0959508395554743	0	0	0.0435643639246444	0.026447885528229	0.0183431532661113	0.0244176750856504	0	0	0	0.371341773035462	0.00776812129563143	0.110740835381736	0.0137898281961492	0.0301751871271036	0.0272948792888735	0	0	0.0181457644151404
TCGA-86-8669-01A	0.00358237872468282	0	0.150567768441533	0.0729996211744325	0	0.271012112051749	0.0102696166384331	0	0.033314477451827	0	0	0.022763252740449	0.0289872075846706	0.0847242871250247	0.0654290522452699	0.129183798418958	0.101353685546161	0.0111652957295064	0.0137738670975079	0	0	0.00087357902979431
TCGA-50-7109-01A	0.0592624462121689	0	0.200360808092938	0.177229062921282	0	0.0340822866420575	0.0360605305003607	0.0305852377450914	0.0207796029780641	0	0	0.046071839868255	0	0.104954625488466	0.122588215033181	0.0886572229312578	0.00607331847736	0.010278415607015	0.0562112825389494	0	0	0.0068051049635524
TCGA-44-3917-01A	0.0350854092620904	0	0.141098716981732	0.0726796189249658	0	0.0147842859147088	0.166513140483573	0.00337053595873615	0	0.0385236227912191	0.00483445067978826	0.0133606076284671	0.00141781825935358	0	0.0756778040363814	0.259613198378706	0.0918139671974372	0	0.0428076325301557	0	0.0152475092449711	0.0231716817277143
TCGA-55-8510-01A	0.00791283606990988	0.00712241887996953	0.0132442822131868	0.129824279324206	0	0.0655683901625575	0.0352333771208342	0.0235364928483707	0.0525985961378202	0	0	0.032180998020621	0.0188849003345694	0.113500452646613	0.101961351301259	0.218150680425565	0.0701558128113237	0.000980067246171157	0.0981937671357407	0	0	0.0109512973212823
TCGA-49-AAQV-01A	0.0520212402130147	0	0.051650391649972	0.0617569357610122	0	0.157676578920016	0	0.0425597238717365	0.126287879321907	0	0	0.0504775080623484	0.00535292503226654	0.276080367286633	0.0626353811668494	0.0739372730995767	0.0177366555168685	0.00520000359391516	0.0157770815952808	0	0	0.000850054908604199
TCGA-55-7574-01A	0.037316348948981	0.100259464125837	0.0348872380059155	0.141991329824282	0	0.300562571512309	0.0398311211242584	0.00720990607477169	0	0	0.00764778900240885	0.00480901694510114	0.00771585992647693	0.0894779783623271	0.0588611508882663	0.0966224897717707	0.000784024551314964	0.0337686275384705	0.0382550833975094	0	0	0
TCGA-50-8459-01A	0.00183267700994822	0.0287091877463585	0.0358205582179948	0.0626328887658679	0	0.128654973027226	0.0181073890505548	0	0.0363538230115187	0	0	0.00368707961067803	0.0698668947172703	0.136327831829844	0.0266816391234301	0.228766783513273	0.122330947370259	0.00688529484970794	0.0785219919672306	0	0	0.0148200401888382
TCGA-93-A4JN-01A	0.0561434103634851	0.0167622196426451	0.134102112995394	0.0478001765300108	0	0.175167194365157	0.00330297044815758	0.0455714293539289	0.0836036506920109	0	0	0.0244183649787366	0.0109304964941315	0.0985981816416117	0.0359099151475692	0.127340197386434	0.0154139376887779	0.0166027877596785	0.0876436073458173	0	0	0.0206893471664538
TCGA-49-4512-01A	0.00170174967779885	0.0393922600400338	0	0.00947231883178704	0	0.0266101191758085	0	0.00552245145729091	0.0855531920357461	0	0	0.00937995689468521	0.0407479861344671	0.20125697777062	0.0376771174917122	0.31752736289791	0.0389429690732283	0.0517373575366194	0.129234212134308	0	0	0.00524396884798478
TCGA-55-8097-01A	0.0067331083788354	0.0334234122278299	0.052548129759258	0.0550594359209073	0	0.229146752422797	0.00381214910787424	0.0239289551962634	0.0486057092815397	0	0	0.0263937016754912	0.0115045578400159	0.00906185997987669	0.0310243651968867	0.144134733218942	0.159614578097818	0.0179107715343839	0.145722102750666	0	0	0.00137567741061457
TCGA-55-7727-01A	0.0214813782161578	0.0342844261955365	0.021957378750093	0.0376758096858347	0	0.273698945347308	0.0459430418300998	0	0	0.0212123072692907	0.00205572095495266	0	0	0.0570854314404558	0.131710485799834	0.21494038520436	0.0585920473788109	0.0254926649197389	0.0531210662029744	0	0	0.000748910804553572
TCGA-55-8508-01A	0	0	0.481474096758482	0.0641023059523418	0	0.0131753289358122	0.000790053551574529	0.007362149707761	0.055549231052288	0	0.0025652588104772	0.0156989376939213	0	0.271286738255189	0.0162421698235189	0.0442240514807358	0	0	0.00389755574566571	0	0	0.0236321222322325
TCGA-69-7765-01A	0.0037694772863564	0	0.180894913990215	0	0	0.196483573652088	0.0098587590049795	0.0239791184151746	0.00887989187579838	0	0.00148261019970691	0.0229589733585447	0	0.0947006449403279	0.0804781627455088	0.110570156867674	0.19353056085749	0.00423845865390975	0.0650844869280178	0	0	0.00309021122420923
TCGA-44-7659-01A	0.00965436677740039	0.0582593169355396	0.095006427863065	0.073494577418394	0	0.183593259804704	0	0.0319646689722039	0.0372406504453323	0	0	0.0340439604376562	0.0079333882927975	0.0513131487512919	0.0314584917827353	0.179671253341898	0.0614513599788941	0.0537667119118917	0.0828574792437713	0	0	0.00829093804242466
TCGA-78-7160-01A	0.0216041757900854	0	0.0185011426688712	0.202355518032288	0	0.175110347605453	0.0452153164393254	0.00196968223720932	0.0211923887540851	0.00116229050894027	0	0.0145428256056899	0.0124965516594076	0.0989975845291651	0.081280767711305	0.180918023639887	0.0194553326861249	0.0697038052655711	0.0281234149719741	0	0	0.00737083189461821
TCGA-44-2659-01A	0.043013567233463	0	0.112761746053111	0.0852717726145441	0	0.267771577465053	0.0183903018844692	0.0403255534941866	0.0719731965241823	0.017872854814988	0	0	0.0102312148665147	0.0268453345076319	0.0894894825768206	0.132993429555153	0.0209235851277708	0.014200886200348	0.0457828008653532	0	0	0.00215269621641033
TCGA-93-8067-01A	0.0471690599593241	0	0.106400008930183	0.0687950318823138	0	0.129299927473403	0.00246151182480624	0.0662344152277135	0	0	0	0.0706855936131923	0.00361433039763023	0.0990522845326002	0.081127654034155	0.167198996499126	0.0758169279866067	0.0177419766876738	0.0633934956631483	0	0	0.00100878528812254
TCGA-44-A4SU-01A	0.00551834958302934	0.029984036739381	0.2755468716689	0	0	0.178531016450278	0	0.0713709815990392	0.0436328387137327	0	0	0.0459331767106175	0.000849851917404289	0.136505008385119	0.109889070076641	0.00673406957255093	0.0384197218237912	0	0.0549364866870762	0	0	0.00214852007244006
TCGA-55-A490-01A	0	0.0014054653259009	0.0813964034417182	0.0879619629757071	0	0.116808965195592	0.0205148625242987	0	0.116557091368583	0	0	0.00251443656687216	0.0277526242984426	0.185112925483393	0.0354054815354211	0.212582027216836	0.094352089766469	0.00668619580050652	0	0.0052622473919685	0	0.00568722110829172
TCGA-55-7907-01A	0.0638205120011728	0	0.0530543985447318	0.0951762619627307	0	0.152030730763713	0.0218955864078423	0.0496729399354332	0.0274693023944316	0.0599614934175573	0	0.000201887975959668	0	0.136176015209968	0.12517844170222	0.152357007628652	0.0224243808541748	0	0.0292325733222617	0	0	0.0113484678791504
TCGA-49-4494-01A	0.0254633163180206	0	0.0428963691200066	0.0520946635599921	0	0	0.0275743756532481	0.0724969923303416	0	0.0822194654339584	0	0.0560921232701726	0	0.075182332896903	0.0775752776971948	0.20424369058223	0.162541607681682	0.0239826504943454	0.0851879543644821	0	0	0.0124491805974225
TCGA-75-6206-01A	0.0303964893411397	0	0.0293950786791995	0.0275294951088748	0	0.0696172653763659	0.00842179249277475	0.0564199490061785	0.019779803528961	0	0	0.0134421478112875	0	0.391955478192749	0.0340875390813707	0.238684002858864	0.0102511343407252	0.00867260179342306	0.0487266439862604	0	0	0.0126205784018263
TCGA-86-8671-01A	0.0309817424471541	0.00208748763874205	0.0123896256541269	0.113074789250893	0	0.134857585762981	0	0.0653892205763471	0.0690604222844134	0.0201322626041389	0	0.0199759859776545	0	0.198659385025238	0.122124226875358	0.114654374544955	0.0235019268681567	0	0.0646348572042698	0	0	0.00847610728557127
TCGA-86-8672-01A	0	0	0.108336269045549	0.241045855577993	0	0	0.152546289040909	0.0216641978218661	0.0242294142955904	0	0.0161978686619762	0.0169116928605575	0.0115077286216541	0.132401895187228	0.0607897514741511	0.181387606840379	0.00835642871983755	0	0.0202189977984732	0	0.00440600405383664	0
TCGA-50-5946-01A	0.0651671389694826	0	0.0719140487037477	0.153244570035934	0	0.119598561613567	0.037808401484214	0.0721412840230584	0.0162054579787802	0	0	0.0290377678452087	0.0183286937189601	0.0880075437705663	0.0719149922376881	0.137869586904646	0.027792598913408	0.0368452109706816	0.0486843739094559	0	0	0.00543976892060134
TCGA-64-1681-01A	0.02600070412861	0	0.0437697973648493	0.0160771273952051	0	0.163590929313182	0	0.00523109506796666	0.049121250670226	0	0	0.00652577992701486	0.013383654498424	0.0752058465225129	0.128517080836362	0.0624875352550197	0.217303102590319	0.076474032683236	0.0955563501486524	0	0	0.0207557135984206
TCGA-86-7713-01A	0.0455322773452943	0	0.185945244259614	0.0333481209526922	0	0.181783635293872	0.0395214364526575	0.0445415985036335	0.00810215230728589	0	0.0195999840905277	0.00240998980867375	0.009091622343273	0.0911322838070186	0.0884940737169984	0.104691927453104	0.0153352274837728	0.075607296913361	0.032805650001502	0	0	0.0220574792667189
TCGA-97-8172-01A	0.016950605218645	0.126832029165281	0.0436704518313467	0.0789900702546325	0	0.208021341276904	0.005820923013981	0.0293361612322984	0.0263499506368888	0	0	0.0305755404966672	0.0117842605700999	0.0800831020179828	0.0359653570285398	0.135084668000831	0.0369031635865727	0.0089726104302677	0.122383113356653	0	0	0.00227665188240807
TCGA-50-5055-01A	0.148747343266181	0.0201860112991452	0.0899159848158551	0.132722263679735	0	0.0543646892461395	0.0323089706697063	0.0510530981784454	0.0763619283785844	0	0	0	0	0.136652279843869	0.0556070291917841	0.061357832720287	0.083143458696049	0.0180972347422157	0.0364325542807032	0	0	0.00304932099130072
TCGA-67-6216-01A	0	0.0690438689993545	0.0486889384341124	0.094806661541396	0	0.137500717047764	0.00801070850410883	0.0159957810424065	0.0538055293624906	0	0	0.0543748521775647	0.123416564197231	0.00681301742849147	0.0295482834390287	0.084958680787557	0.138764325600611	0.0316248484696839	0.102647222968199	0	0	0
TCGA-55-7283-01A	0.00982005160729813	0	0	0.104943351984968	0	0.201956870012254	0.00830515856330847	0.0426360022304529	0.00789385166824957	0	0	0.0491971024832993	0.0248223972741576	0.0427164242827045	0.0681786520312632	0.185447082160904	0.086061302711456	0.0241287008630584	0.136491966722343	0	0	0.00740108540428239
TCGA-95-A4VK-01A	0.107425847539064	0.0254568716338497	0.0623700046844294	0.127941708209726	0	0.182081855231387	0.0211611933977133	0.0667314825000706	0.04804699427371	0	0	0.0367494742954715	0	0.100698823216038	0.0850659098387556	0.0590795997895928	0	0.0252130869237934	0.0519771484663978	0	0	0
TCGA-55-8091-01A	0.0109409204854553	0	0.0490068341854762	0.0142276955783449	0	0.213619358776688	0.00402246982803712	0	0.0229504202867845	0	0.0409927416652531	0.020578879595624	0.00473438841211922	0.058274972723476	0.103992475793097	0.15896688486275	0.186128638643891	0.0462155980105037	0.0483529597097408	0	0	0.0169947614427584
TCGA-73-4659-01A	0.00316802076474516	0	0.0566538928252327	0.0399567497077631	0	0.130043840834205	0.00855571343463517	0	0.0267671133329041	0	0.0367089461115426	0	0.0248343055413744	0.0504943645261713	0	0.412896389993355	0.0535583516449488	0	0.114915960070378	0	0.000731450159150511	0.040714901053595
TCGA-75-5147-01A	0.0213083997073763	0	0.104212682715259	0.0122515652380959	0	0.203036713212486	0.0203528809798687	0.0404052247325421	0.0575723991283516	0.003853387643051	0.00590782379891945	0	0.0226345844598179	0.0385658899586263	0.0812316491170542	0.181799452973589	0.109496099676151	0.0152461256994845	0.0561594686513118	0	0	0.0259656523080145
TCGA-86-8073-01A	0	0	0.0342689821566636	0.076727204006963	0	0.141066206305028	0	0.0447017268718935	0.0123781640907979	0	0	0.0206784233783888	0.13317022089925	0.126292865160322	0.0697054976518574	0.256202253154715	0.0203636889200383	0	0.0644447674040827	0	0	0
TCGA-05-4410-01A	0.00597293918658375	0	0.188649585499346	0.102236766772787	0	0.189808158926186	0.0447992586785852	0.0201260323955426	0.011294425107914	0	0	0.0342893042321367	0.00763668232221469	0.0247862446544458	0.129999542229672	0.167301627405101	0.0240586954419383	0	0.0490407371475473	0	0	0
TCGA-86-8280-01A	0.0381377975444516	0	0.0292739370369029	0.0620568540127383	0	0.23614667850362	0.0114880680953937	0.0503989199057022	0.0477828274554121	0	0.0104509558306894	0	0.0100978977662944	0.130530805299512	0.123760813714694	0.105495121130747	0.0762991685110059	0.0143918595109334	0.0507192027795666	0	0	0.00296909290233663
TCGA-86-6562-01A	0.00288788384434934	0	0.112948654968658	0.045682241599184	0	0.155872573809143	0.00659575956499704	0	0.0540316010817238	0	0	0	0.000788695704797204	0.188139395766204	0.0309638676784198	0.293932065367355	0.0207932457179314	0.024786813442107	0.00999744725738164	0.0257217738283282	0	0.0268579803694202
TCGA-38-4627-01A	0	0	0.0520300091006563	0.0268035008962845	0	0.230187469668217	0.0212167031918165	0	0	0	0	0.0062451447054926	0.104581768609312	0.065617634868104	0.0545754605405039	0.285458795407963	0.0619491149602549	0.0165648275410048	0.0612583392136981	0	0.00862982396332717	0.00488140733336479
TCGA-78-7536-01A	0.00462809958309565	0	0.113757351709669	0.0449937301745199	0	0.147732995899555	0.0406224242497093	0.0173778053785315	0.00389182443512062	0	0	0.089831250187731	0.00754254138122522	0.0596740776883927	0.134456890559629	0.244892843024435	0.0374755206521322	0	0.0406319224752128	0	0.00319319053461654	0.00929753206642511
TCGA-05-5715-01A	0	0.0120402750006944	0.0155106399846781	0.0355167448150009	0	0.117099747712234	0	0.00599496802028225	0.0131425019639597	0	0	0.015391653220737	0	0.330340224465019	0.0165640139028593	0.301241102518366	0.0169319236962583	0.0353988282286003	0.072969502214145	0	0	0.011857874257166
TCGA-67-6215-01A	0	0.0236093990246193	0.000936172418521048	0.0371580245175167	0	0.121811420473707	0	0	0.038399277583608	0	0	0.0429126440897991	0.0150233772451205	0.121568181662312	0.0215590093107083	0.277770630897397	0.160964482390471	0.0083718686452691	0.112240916316939	0	0	0.017674595424012
TCGA-50-6593-01A	0	0.0105805049741984	0.0330844272985603	0.024667441666693	0	0.099807145081045	0.00972988152174569	0.0179142283631023	0.011421050616182	0	0.00446878240556351	0	0.0641555373056096	0.28689646486774	0.0210823992859939	0.129621601342487	0.134345436949522	0.0383901145107655	0.0907833399920493	0	0	0.0230516438187422
TCGA-69-7973-01A	0.0517781029482481	0	0.0748140896715079	0.0606570101967183	0	0.206716723784619	0.124706666129761	0	0	0	0	0.0413052844261769	0.0132031729793245	0.0226269233325742	0.0364046211461748	0.164102668291055	0.0374729161489462	0.023086197230091	0.126809351272338	0	0	0.016316272442465
TCGA-38-6178-01A	0.0198550458378882	0	0.0932991655722131	0.0514823357338617	0	0.172851231744919	0.000618203109266022	0.0264675975084228	0.0198505307170387	0	0	0.0102619957536008	0.0145334924431686	0.0647409885168587	0.0805801113957309	0.197102745858956	0.0249831588387747	0.0497943842602293	0.169226749607653	0	0	0.00435226310141766
TCGA-67-3770-01A	0.0294429442987459	0	0.029395889886446	0.0152864726689679	0	0.246817718093966	0.0186967043351282	0.029939621357402	0	0.0288965060162708	0	0.0293052823704854	0.025769303245276	0.0269903693747619	0.0540173418019615	0.212838492771193	0.0535453267542357	0.0471054668271117	0.137268368971613	0	0	0.0146841912264357
TCGA-35-3615-01A	0.0539344211631206	0	0.120812289339046	0	0	0.0884497727300841	0.00745864214231359	0.0531492581988336	0.00616802195637502	0.00702126415085648	0	0.0155114749478523	0	0.123031406982501	0.0388116463120531	0.29089982650298	0.057281364970651	0.0280251854301843	0.0973789389520699	0	0	0.0120664862210791
TCGA-50-5936-01A	0.0104533388903804	0	0.0497419225784248	0.0186478919859948	0	0.0908446187975712	0.0132741140671395	0.0473997969301656	0.0307348810165217	0	0	0.00478670359233273	0	0.471569227681434	0.00485197946126346	0.154524408453749	0	0.0610867835603296	0.0322930564042235	0	0	0.00979127658046961
TCGA-44-7671-01A	0	0.00924463234124954	0.127081696476862	0.0319074434034756	0	0.124500307879019	0.00030728248766679	0.0503256736022141	0	0	0.00694400411408083	0.0137470890552031	0.000279411804399241	0.118642727104073	0.00504578922675524	0.293627269422149	0.0252705815968561	0.0957800406784343	0.0842225953672012	0	0	0.0130734554403621
TCGA-55-6984-01A	0.0339372586347709	0.0762641713277	0.0795053907808296	0.0736864164856038	0	0.302143330037289	0.0006806203852605	0	0.100014565137772	0	0.00134394307915826	0.00644566611663295	0.0176076082667431	0.0737414863140618	0.00684822673627025	0.0368935510859422	0.0535669893013443	0.0628820816577269	0	0.0307310348083127	0	0.0437076598445819
TCGA-50-5932-01A	0.00988309819287617	0	0.120430465644612	0.0465291420239082	0	0.16943774315018	0	0.0440864436616261	0.00588406772543653	0	0.00615477372179291	0.0252806158078452	0.0283079914198568	0.111212941302718	0.0383149450287834	0.281954889638182	0	0.0302462176436677	0.0624846876463808	0	0	0.0197919773921344
TCGA-44-2657-01A	0.0847581100480816	0	0.125368836420619	0.214617322969198	0	0.0233537576310192	0.0334175531791989	0.0705775887352483	0.0339535790116884	0.0175887969921336	0	0.0456387852573742	0	0.0307284539666566	0.0669866848620039	0.129951079523202	0.0229187099700109	0.00525271290586615	0.0843759854317372	0	0.00280947081912696	0.00770257227683504
TCGA-97-8175-01A	0.0070583029999307	0.0112185887313924	0	0.0186911365516935	0	0.0982935133290533	0	0	0.0580055660295731	0	0	0.0278974311289334	0.0170457426314945	0.112704321717566	0.0284371673481466	0.188755388120596	0.341769911075023	0.0308192562526485	0.0309711192669257	0	0.00271245020271941	0.0256201046143039
TCGA-78-7146-01A	0	0	0.0372796395203279	0.0095028722697088	0	0.201599045195481	0.00466554588393794	0	0	0	0	0.050023416649901	0.0166539792606161	0.212967760996116	0.118188986207942	0.221742449339975	0.0622041166369708	0.0564310689205943	1.31235634848193e-05	0	0	0.00872799555494514
TCGA-44-A4SS-01A	0.0287788173084922	0	0	0.121683865167074	0	0.182779869155223	0.0730990704727721	0.0395954998570935	0	0	0	0.0440835873193789	0.00100915392185898	0.0864375835207221	0.0792713939789318	0.201335509678559	0.010563885835741	0.00995617287031232	0.110849206549558	0	0	0.0105563843642834
TCGA-05-4405-01A	0	0.000963380421661788	0.145842971008535	0	0	0.119467561656805	0.00987478466477022	0	0.0214471107011061	0.0202023201905429	0.00432203697816814	0	0	0.351600228020882	0.00802081112668774	0.230020416636862	0	0.0116410851681688	0.0764341860283244	0	0	0.000163107397485698
TCGA-44-2665-01A	0.0144547101112766	0	0	0	0.00681249243726549	0.23114501781289	0.0102407187819091	0.0170955358525523	0	0	0	0.0414529259705888	0.0450358050933462	0.0718323944589141	0	0.201799948699231	0.209435014425826	0.0731307042430203	0.0573005846267763	0	0.000389716334905229	0.0198744311514996
TCGA-99-8033-01A	0	0	0.0867142275907078	0.229903978996415	0	0	0.152353186477657	0.0799984731053499	0.00488328104867315	0	0.0189293949103998	0.0767789094968284	0.00566937104374853	0.125055895052402	0.078913193187453	0.0650332896127221	0.00312578860826185	0.0461481464405769	0.000868646881714867	0	0	0.02562421754709
TCGA-50-6591-01A	0.0283902013563338	0	0.0139625475761657	0.0410223925736245	0	0.322563685557159	0	0.022560647615628	0	0	0	0.00387672169429599	0	0.467733646583367	0.00952422041985144	0	0.00220124720638665	0	0	0.0881646894171885	0	0
TCGA-05-4402-01A	0	0	0.111780938201395	0.0541845437197152	0	0.0905435074747097	0	0.0313405780701956	0.0286357066619277	0	0	0.0252979026903751	0.00180426483019942	0.0941001062025488	0.0531378670224889	0.324924203436878	0.0281092867479853	0.0559622588028396	0.0704935902452851	0	0	0.0296852458934564
TCGA-69-8453-01A	0.0267082927427198	0	0	0.0773751229044931	0	0.11316069910821	0	0.061034909720343	0.00781307296679623	0	0	0.0322989713752537	0.00409778582604654	0.254064540479128	0.0882843428849082	0.203228372240018	0.0687044502602569	0.00306700334223026	0.0505517445663331	0	0	0.00961069158326323
TCGA-55-8614-01A	0	0	0.107268729649505	0.0468976277970925	0	0.100498484332061	0.00232876755344013	0.0392595750121633	0.0180509060610452	0.0116399734128601	0	0.0935164370725222	0	0.202867705162456	0.110873785640234	0.121059075913349	0.0264232785651365	0.010780556547213	0.0923788381622723	0	0	0.016156259118651
TCGA-05-4396-01A	0.0254943982801656	0	0.0991796958203154	0.0410125734870993	0	0.22503794170205	0.0239879040995413	0.0348499343261246	0.0309060131413167	0	0.0192925419507916	0.0145374146646098	0	0.116210219625883	0.0887004833768677	0.178863745351916	0.0185570547185444	0.0146980841647721	0.0529282587981739	0	0	0.0157437364918288
TCGA-49-6745-01A	5.23343778222228e-05	0	0.00656767369166201	0.119882806631379	0	0.154761911688452	0.043685696315401	0.0407448372159971	0.00167205037633213	0	0	0.0133991796913851	0.0582246631467252	0.129798444464905	0.110495830339591	0.119161261600712	0.0481742808950314	0.0682745973717967	0.079407060178882	0	0.00203653700782993	0.00366083500609605
TCGA-97-7554-01A	0.0159234109252385	0	0.180360500832729	0	0	0.148425960876758	0.00559639619963248	0.00158002047347079	0.060307152548486	0.0402646694152876	0	0.00671226248078468	0	0.177599434756135	0.0898577649759028	0.198940550539591	0.0207170988071385	0	0.043527946158584	0	0	0.0101868310102617
TCGA-73-4675-01A	0.0256850423256469	0	0.0383140146677911	0.0383255626006939	0	0.0661374274441429	0.0202374164980099	0.00648943297762687	0.0435489035420396	0	0	0.0225590809301797	0.0149504665016946	0.22233564405061	0	0.170216986219113	0.166907961901312	0.0562611856863457	0.080182881452332	0	0	0.0278479932024623
TCGA-95-7039-01A	0.0498723238810902	0	0.014916032216047	0.176781314013239	0	0.11806546060019	0.0893331432810558	0.0415079404932746	0.0127754764931463	0.0231748408387036	0	0	0	0.109794700260789	0.090273930229579	0.175298796298283	0.0197524883898824	0.0241532204856111	0.0543003325191093	0	0	0
TCGA-97-7941-01A	0.0340692413434121	0.0385213915438925	0	0.0337919196885401	0	0.094276306656586	0.0105813295661282	0.0258160596527205	0.0834714869295915	0	0.00594034692471684	0.0037987272349413	0.0129463358805346	0.0363976169272781	0.0604907146206101	0.296952086247011	0.0859888322175252	0	0.173196884762988	0	0	0.00376071980352407
TCGA-55-7995-01A	0.0362000186865031	0	0.00868802421402383	0.10192297716965	0	0.0946337603209063	0.0400088947375105	0.0196038626800932	0.0603204274975105	0	0.0324910539309479	0.00716009761172718	0.00857797929158989	0.364190421118631	0.131825277403001	0.0746957722239156	0	0	0.0196814331139897	0	0	0
TCGA-69-7980-01A	0.0275758496518688	0	0.0140624638058182	0.142244272441261	0	0.155088114032481	0.0339345318712499	0.0431497654211948	0.0376373696261877	0.0342601023155954	0	0.0187061926591887	0.0367271027752702	0.046833778813965	0.143728952805148	0.197261303676517	0.0105066989953877	0	0.0552294279849625	0	0	0.00305407312390341
TCGA-97-8547-01A	0.00635122698929365	0	0	0	0	0.0829750854139911	0	0.0347184048354992	0.0597664473158085	0	0.00504640792065893	0	0	0.50046166035662	0	0.171297918570361	0.0120611244542861	0.0920753572285186	0.0352463669149631	0	0	0
TCGA-78-7166-01A	0.0668457603414084	0	0.228604564546211	0.0920088806386025	0	0.0467585836683617	0	0.122285480525642	0	0.00771300997332622	0	0.0784736570313992	0	0.159074688975951	0.138410369141729	0.0138380252938547	0	0	0.0459869798635142	0	0	0
TCGA-55-8207-01A	0.00366795635825676	0.015285792637248	0	0	0	0.199150627010066	0	0	0.00933002528958125	0	0	0.0380641520267116	0.0494879714511202	0.126614264104607	0	0.269904886821758	0.11177278369526	0.0505770635656511	0.10943414675564	0	0	0.0167103302841006
TCGA-44-2668-01A	0.00309578766271752	0	0.0059953010755414	0.119749377483746	0	0.103646482196085	0.087806159278998	0	0	0	0	0.0363265756254285	0.0121891493538287	0.344647934930727	0.0967377884454005	0.0605671679622306	0	0.00348991877975003	0	0.0989680068842428	0.00979645696666108	0.0169838933546436
TCGA-MP-A4TE-01A	0.0576952827784894	0	0.390365108749774	0.0416476719318128	0	0.0917365787019472	0.0204844718770067	0.0167262236892638	0.0626078995443794	0	0	0.0108784287993877	0	0.107122586081795	0.00837650343676797	0.0987146400267804	0	0.0111040859012716	0	0	0	0.0825405184813244
TCGA-78-7153-01A	0.0351325346236766	0	0.244495938068969	0.114342727944904	0	0.156483429917788	0.00329439743696877	0.0210591358857564	0.035178568692409	0	0	0.108596503160953	0.00708267872677225	0.0324111532851198	0.021267598541292	0.116008834670882	0.0280361057194766	0.0156316612102675	0.0600097855575363	0	0	0.00096894655722808
TCGA-86-8673-01A	3.03874411642201e-05	0	0.184150492547758	0.0122899577378259	0	0.0945395715247788	0	0.0251330601214936	0.0667055215937707	0.00282870054839018	0	0.125963359644532	0	0.238886278859683	0.0451910445429639	0.179654739891021	0	0	0	0	0	0.024626885546619
TCGA-55-6972-01A	0.015383875284465	0	0.133749484029589	0.128665283176636	0	0.176379776460374	0	0.0484789142692233	0	0.0572270706194631	0.0147914310232128	0.053906408587408	0	0.0202358863649234	0.0378422782404053	0.173636091834856	0.000744877429035446	0.081385567685461	0.040553563426128	0	0.0170194915688192	0
TCGA-44-6779-01A	0.0110798500951443	0	0.012797191016701	0.236504414827334	0	0.101895209325808	0.0405983731729639	0.0100753480834554	0.0443685332370957	0	0.05008983803356	0.0069463934479357	0	0.0796638937121514	0.161503130055817	0.162522204354078	0.00934564872926866	0	0.0582753556930914	0	0	0.014334616215595
TCGA-05-4403-01A	0.0110629116272115	0	0.0186664550122464	0.0282664567020628	0	0.162550761965377	0	0.0292309458642665	0.021618531750176	0	0	0.0181193896217445	0.0160442717171155	0.271817459654608	0.0957167826542671	0.203648880087438	0.041682757026229	0	0.0668224141906821	0	0	0.014751982126576
TCGA-53-7626-01A	0.0538138399628775	0	0.0864987845315549	0.0574492367941917	0	0.277218008974876	0	0.0663172880826913	0.0171461954520823	0	0.00772683456283146	0.0158211772209713	0.0187579920070062	0.0876887539147964	0.0812495167087939	0.128305681050057	0.0359030083012686	0	0.0307081894867169	0.015219366937492	0	0.0201761260117923
TCGA-78-7154-01A	0.0672136695172359	0	0	0.0376127241045791	0	0.350136246045303	0.00787749162007297	0.0218499113951207	0	0.00539547855709689	0	0.0274378343151316	0.00898337448585888	0.00340917777654658	0.15749746265004	0.155707546735372	0.0386874353063857	0.0197422333367358	0.0966852736336612	0	0	0.00176414052085879
TCGA-62-A46O-01A	0.16200075395928	0	0.293785077519757	0.0547757489056392	0	0.0205080967817335	0.056530457880739	0.033978406672471	0.0279592558106116	0	0.0119880948396308	0.0315642106732566	0	0.144582838132547	0.00756787490802492	0.0299011204114147	0	0.0738110274340318	0.051047036070862	0	0	0
TCGA-91-6840-01A	0.0804203600511391	0	0.0899600325412998	0.0497828065055363	0	0.100008092142849	0	0.0500241099178483	0.0140764394752525	0.00855483913669821	0	0.0799153555637778	0.0052170113542003	0.15407736224842	0.180138630421974	0.0943932314636963	0.00990095868986509	0	0.0835307704874428	0	0	0
TCGA-05-4418-01A	0.0319077081415974	0	0.157446811241112	0.0145566725497669	0	0.12478260220144	0.0812305807299874	0.0250551301196744	0.0115442344548488	0.0646621963709097	0	0.0433891311309703	0	0.0994629593854177	0.100633924375358	0.146695914724528	0.00389430878272172	0.011852760666786	0.070570525219566	0	0	0.0123145399053162
TCGA-55-8507-01A	0	0	0.0553281247828861	0.0848079870962568	0	0.134559533136302	0	0.0412832511665938	0	0	0	0.0494779468343649	0.00950002635923124	0.218544058398039	0.0548916888755523	0.255200340128313	0	0.0229307422621715	0.0236799712416793	0.00654814424278358	0	0.0432481854758263
TCGA-05-4434-01A	0.0531365733382734	0	0.0333119860104772	0.00403896143475536	0	0.194086727366219	0.051559620003389	0	0.0264978713559428	0.015755194359727	0.0230633119348199	0	0	0.125488434955144	0.178503902936665	0.173857051225485	0.053964657582625	0	0.0551291669742032	0	0	0.0116065405222743
TCGA-44-A47G-01A	0.0225060573756449	0.0078785548645166	0.0712200461520602	0.0903773398038252	0	0.190067365039531	0.0231765023398634	0	0.0182354784003097	0	0	0.0392350991794716	0.0184394522095471	0.100137697857046	0.0739075403556681	0.170572246174407	0.0728617919252114	0.0217833664224148	0.0765221670779834	0	0	0.00307929482249872
TCGA-55-7815-01A	0.0585142311775416	0	0.00776146514872736	0.0109443657570566	0	0.273694798197878	0.0908234982140803	0	0	0.0525319475989687	0	0	0	0.0912658712129243	0.0481681252416003	0.168422109225037	0.120221430320336	0.0242922959697826	0.0441960576046164	0	0	0.00916380433145097
TCGA-49-4488-01A	0.0212828708132352	0	0.094425485736565	0.0621536551534021	0	0.17551951738759	0	0.00765167672277623	0.062487413369191	0	0	0.0493776479195994	0	0.12573081122233	0.100606958910981	0.136652965490099	0.141541721673986	0	0.0200804459402456	0	0	0.00248882965999968
TCGA-91-6831-01A	0	0	0.12339407046541	0.108499634593094	0	0.0835476193106328	0.0150881381724052	0.00704073966411432	0.03759036794213	0	0	0.0325171153029222	0	0.288087155591402	0.0897806468083443	0.163465859095262	0.00747623516390335	0	0.0180804996094628	0	0	0.0254319182809168
TCGA-44-5645-01A	0.0159754252085954	0.0297724187467045	0.0315318083564033	0.014248399493582	0.00313515786378249	0.312650933382883	0.0238566235682212	0	0.00298457198476068	0	0	0.00445633647723294	0.0242436959659452	0.13110019123274	0.0191895958188095	0.0975852982285493	0.186046032291593	0.0301726337799147	0.0695183177057724	0	0	0.00353255989451064
TCGA-75-7030-01A	0.036437778348496	0	0.144243627943873	0.105012238406133	0	0.334857679590863	0.0191326561992731	0	0.0164640409436173	0	0	0	0.013107515742753	0.0590316279752738	0.0685707183572393	0.0932471490954258	0.0631281574696105	0.00868964333134964	0.0380359541846823	0	0	4.12124114105239e-05
TCGA-44-2666-01A	6.50405652255812e-06	0	0.135112237034714	0	0	0.208131324906333	0	0	0.0449339117893753	0	0	0.0769467379064351	0.00900830397675427	0	0	0.0976262321142338	0.0230473943816783	0.0921229848468769	0.223342189790234	0	0.0897221791968432	0
TCGA-62-A472-01A	0.0162266014765406	0	0.0407676395893333	0.173499622807583	0	0.120893580377474	0.0141312199362731	0.0440264595730851	0.0421904752426801	0	0	0.0639641290845615	0.00215367975683427	0.00739503685719753	0.0880328710279022	0.147737276858174	0.115453520399922	0.0115923785814137	0.100597138327379	0	0	0.0113383701036469
TCGA-05-4432-01A	0.00966902131002519	0	0.148651574870328	0.0983003404720213	0	0.132768897041241	0.0107196190251141	0.034219724741394	0.00943271319371093	0	0	0.0509092109830214	0	0.205845973552949	0.10115328041745	0.13075819152535	0.00767369916577959	0	0.0318381814272043	0	0	0.0280595722744115
TCGA-50-5051-01A	0.0224190488824604	0.0534085837655956	0.145620968166013	0.0868644783968804	0	0.0332887000537218	0	0.0553790330737062	0.0883977699409821	0	1.61502961518201e-05	0.0160490561846874	0.00619648622946039	0.157156416770497	0	0.0652698467445236	0.140570096280651	0.0949251904983761	0.0326746289953512	0	0	0.0017635457209416
TCGA-J2-A4AG-01A	0.0464368037476541	0.0722747055128798	0.0410733268550161	0.0821708297589608	0	0.210435568568125	0.0552616816594693	0.00648379015277784	0.0424532251288388	0	0	0.024785957866707	0.0170544941502586	0.0268463185467441	0.0340057913320543	0.109285112748668	0.135882486340163	0.0470928791579133	0.0384657139860567	0	0	0.0099913144877132
TCGA-93-7348-01A	0.040028728229843	0	0.180690313785332	0.0121864648457644	0	0.204701684309282	0	0	0.053961866628075	0	0.0086508191120125	0	0	0.266212166111285	0.0725641129881511	0.0932870746768631	0.0336100497156504	0	0	0.0284015715184576	0	0.00570514807928402
TCGA-97-A4LX-01A	0.073595565819694	0	0.0663275123846007	0.0822407559064253	0	0.102975637286741	0.027559697836408	0.0582450406752061	0.0359668514510307	0	0	0.0491255703930122	0.0104558368909871	0.0527319531962383	0.122518316688246	0.145539205122936	0.0617821136886231	0.0170378749294314	0.0834258977697522	0	0	0.0104721699606681
TCGA-78-7542-01A	0.00720653643127422	0	0.0512075042930585	0.120805166733177	0	0.0440593719245722	0.0637967790034472	0.0555852371377197	0.0436341332375432	0	0.023160880907852	0.0210574908918275	0.00357099526395124	0.0857989052872927	0.165980424112316	0.0708176401753929	0.0532216016093291	0.133679320911172	0.0557420221801461	0	0.000675989899929334	0
TCGA-55-6543-01A	0.00732146886476811	0	0.0751158454316128	0.0452439680609824	0	0.108360269296699	0.0185403610019656	0	0.0104967215379025	0	0	0.000150893434910806	0.0451387278111775	0.133610418686722	0.0625162264573454	0.360369952781596	0.00742899706311739	0.0452838855315079	0.0392368690841649	0	0	0.0411853949555271
TCGA-97-7938-01A	0.024718662423652	0	0.0176795895864841	0.0832600666637854	0	0.0808727912306771	0.00549328757809568	0.123966261180838	0.00784059631383581	0	0	0.0339048912449896	0.00813727008932752	0.0758497873132201	0.0951772268587951	0.240136207572799	0.0380460596579538	0.0590837066116489	0.0828156022023409	0.00824517486502359	0	0.0147728186065336
TCGA-86-8668-01A	0.00294500885136443	0.0313517313369041	0.126821319612521	0.0398036509805149	0	0.155714158468278	0	0.0627368186895652	0.0405887259331033	0	0	0.0357217815527552	0.00196359154506779	0.113908078968539	0.089910395191036	0.162249305037944	0.0451336272522016	0.00518674024666008	0.082397806402196	0	0	0.00356725993134931
TCGA-69-8254-01A	0.00832738206858126	0	0.138143221864234	0.00737367021480974	0	0.197204643729324	0.0130348365620853	0.00627557987886963	0.0108520567039496	0.00613782029417885	0.00151355059057674	0.00233020753853261	0.00955533213336981	0.073045806323797	0.141994031756574	0.178327000124466	0.0773426559824922	0.0174879849752727	0.111054219258888	0	0	0
TCGA-44-2661-01A	0.000149894797632613	0	0.0967040457930385	0.0773425087642111	0	0.116316704637232	0.0211717424942395	0	0.00922031151469599	0.0641154179120982	0	0.0355717112554919	0.0189256255145007	0	0.0805580899070902	0.1879382976324	0.122295648835472	0	0.12284425543969	0	0.0409188570989589	0.00592688840324775
TCGA-49-4510-01A	0.0277253662882904	0	0.311739073158232	0.0733529250841769	0	0.112248227050964	0	0.0357915273362771	0.0117124321190702	0	0.0249517145649501	0.0164480612654814	0.0232442850035718	0.0409627969736115	0.0267951560882604	0.201129300996642	0.0329300675787377	0.0185540066097918	0.0322436146320761	0	0	0.0101714452498666
TCGA-38-4630-01A	0.0357981042374986	0	0.0243405918072018	0.0916351390216235	0	0.287914717846917	0	0.00296709855910612	0.0125697968704984	0	0.0363132271857246	0	0	0.199461816551334	0.0875099759714936	0.174525860990613	0.0252689213832744	0.000998378935307545	0	0.020696370639408	0	0
TCGA-MP-A4TK-01A	0.027583918586646	0	0.138481964551506	0.0141398089724981	0	0.104259578022461	0.0181555784776957	0	0.0471387908235244	0	0.0250525690632227	0	0	0.342135019979894	0.0618186884907165	0.189538695625884	0.0202350602486395	0	0.00799168837400325	0	0	0.00346863878330816
TCGA-64-1676-01A	0.0146430468309783	0	0.125151979625986	0.120526834414258	0	0.05708901925984	0.00645404902482933	0.0138589282840182	0.0382430386252087	0.00102899609310409	0	0.042777962318862	0.108526049949344	0.0834534684175846	0.071625758031407	0.212787654628121	0.0974062078800874	0	0.00642700661637248	0	0	0
TCGA-49-AAR2-01A	0.0319918028837412	0	0.310316017858009	0.0795282094913995	0	0	0.0295703379898952	0.0310516321905524	0.073965953853127	0	0	0.086215756159085	0.00450845438229057	0.098836484904279	0.0670414882005448	0.0910211602401038	0.00394105161272736	0	0.0920116502342456	0	0	0
TCGA-55-7570-01A	0	0	0.503869269635139	0.0675696512883397	0	0.0513871984743193	0.00243594122990483	0.0330639093764787	0.00184286314502341	0	0	0.0662084419883403	0.00604199622970325	0.0851223149866412	0.042657423995813	0.086508055677739	0.033882860513178	0.00331797706677658	0.0160920963926038	0	0	0
TCGA-44-3398-01A	0	0	0.0900031910751903	0.00115074978771725	0	0.156397053019285	0.0103423181910678	0	0	0	0.0119861038777385	0.0247730043266628	0.0181376489196498	0.0138386988725615	0.0302655674122602	0.0920808705478909	0.354018024343471	0.043527891450708	0.1004369223581	0	0.0386205193139893	0.0144214365037075
TCGA-50-5044-01A	0	0.00490140631435899	0.0804477102423782	0.158047681958199	0	0.0289211176962738	0.0512975507234752	0.0148697513250037	0.0751632968131383	0	0	0.0818217035732459	0.00996890476372323	0.0534579045454301	0.0426100462988716	0.163047402808714	0.0658803260956332	0.054013279072892	0.095814315417434	0	0.0166064031170932	0.00313119923413642
TCGA-78-7539-01A	0	0.00922442615169967	0.0366063993532528	0.199226483223377	0	0.124851753974301	0.0472132330351709	0.0394576726991983	0.0480233363709439	0	0	0.0362921240178878	0.00956964088743394	0.0454135392358747	0.0639043427318516	0.158633837865743	0.0735859342464101	0.0400763089679534	0.0633366252507971	0	0	0.0045843419881055
TCGA-53-A4EZ-01A	0.0614301501634389	0	0.0165403146613672	0.0837135229202568	0	0.199570712518482	0.0300322349078508	0.0182468282206113	0.0274305583372101	0	0	0.0489511001469914	0.015915722701321	0.060138774710399	0.0994554108689409	0.0940936789985791	0.169288325406045	0	0.0724990506759969	0	0	0.0026936147625096
TCGA-91-6847-01A	0.0917369664338785	0	0	0.156557918028281	0	0.131593512106352	0	0.0457003666344996	0.0361474483337415	0	0.00476565184664815	0.122339682810808	0.015311410483934	0.131703381005456	0.0700836932908574	0.032426703591984	0.0769949803339765	0.00295809504251357	0.0765920073640505	0	0.00508818269301909	0
TCGA-78-7156-01A	0.0736725584582732	0	0.0640338224657359	0.120828221991499	0	0.180889157716471	0.00382691860397773	0.0569470942240613	0	0.0478520360127213	0	0.0260383048071198	0.0150676966847571	0.0140440284624145	0.125549098606845	0.137927266763753	0.0126746031539157	0.00787979878585053	0.112769393262605	0	0	0
TCGA-L9-A8F4-01A	0.022617806158262	0	0.098834052625388	0.170990269272653	0	0.0486242840988969	0.0996326894328681	0.024069523464401	0.0644999910017943	0	0	0.0478096278756872	0	0.159209715565816	0.0794654953319336	0.13051974318851	0.0107252371896694	0	0.0430015647941205	0	0	0
TCGA-55-8205-01A	0.0161537307790632	0	0.0618498540385138	0.145141927761353	0	0.0427118232447047	0.0894539623997017	0.0499010468501595	0	0	0	0.0397488038281985	0.0163112819904143	0.045590743844207	0.0957609511692511	0.277183008686363	0.0926344690166431	0	0.0128898121170617	0	0.00766500688626231	0.00700357738810313
TCGA-44-7667-01A	0.00219179270582411	0	0.137464784818367	0.029000092652938	0	0.0798806163121321	0.0537687955255965	0	0.00154670941479	0	0	0.085868043984252	0	0.364374218963326	0.0764544711004752	0.152535023577633	0.00264367788468845	0	0.00460904174875506	0	0	0.00966273131122221
TCGA-05-5425-01A	0.0334948007631214	0	0.0720600347831839	0.207126255961263	0	0.0746038070070818	0.0523538440276294	0.0186651232641913	0.00463216622319514	0	0	0.0133439939160602	0	0.0814283327020892	0.13784478237955	0.189207289665247	0.0195316349016876	0.0186129108459776	0.0383184455482324	0	0	0.0387765780114894
TCGA-55-8206-01A	0	0.00800272398022762	0.0217868234861453	0.0298419050408392	0	0.12269853852807	0.0182182588453088	0.0127511050374078	0.0157707997651257	0	0.00743310431015231	0	0.193573283551481	0.00627300179388599	0.00244967293314004	0.15743978494252	0.175494350949996	0.019791468743185	0.155808306059631	0	0.0526668720328835	0
TCGA-99-8028-01A	0.0137377507148815	0	0.0560565390353129	0.103117532128347	0	0.205480901267858	0.0763383588477478	0	0.0221529730353625	0.0343534868874903	0	0.0276654879049442	0	0.130215910028726	0.107470765103584	0.146999680917186	0.0265243344556567	0	0.03996910421138	0	0	0.0099171754615238
TCGA-78-8655-01A	0.020990354344711	0	0.0229962486547535	0.135222190822788	0	0.0912304151444173	0.0227811349403658	0.0193829831654015	0.0535616518179494	0	0.01708832360946	0.011199274669078	0.0143809060846104	0.237801193326625	0.0723943108328911	0.169210123622106	0.0326190760267251	0	0.0755758398006721	0	0	0.00356597313744676
TCGA-97-8552-01A	0	0.0714789074268172	0.0146137058738957	0.0465056738601857	0	0.194822873736982	0	0.00812650546492152	0.0155535149437948	0	0.0191947368031318	0.00679332740997438	0.0400736001958546	0.0334244284382676	0.0292710515031493	0.205393946819955	0.192064230328872	0.0199753429752616	0.0905037723026575	0	0	0.0122043819162797
TCGA-55-6975-01A	0.0533267429580625	0	0.269911945050294	0	0	0.156257614396093	0	0.0302467206915164	0.00922346939104494	0.0268010881538259	0	0.0586897949242259	0	0.0573449895408205	0	0.127626977901131	0	0.148361421293512	0.0440525513679586	0	0.00237513081039647	0.0157815535211183
TCGA-95-7944-01A	0.00483224130888964	0	0.0131697663819782	0.340195170086027	0	0	0.119840425572891	0.0272416314125872	0.0160305265665595	0	0.0365458803548353	0.0812957646004825	0.00131265176643842	0.101479279295045	0.131725080246456	0.074327773045259	0.00613634666838278	0.00638083802446775	0.0394866246697005	0	0	0
TCGA-55-1592-01A	0.0132433045218442	0	0.102003079875038	0.00665041386468486	0	0.157102495151683	0	0.00710819335443581	0.00407382627556027	0	0.0324125220576799	0.0219987254943755	0.0462994031831662	0.233862384272162	0.0627879558413991	0.1788717115772	0.0634522290754093	0	0.0612460758339244	0	0.00282849174673476	0.00605918787470277
TCGA-55-7910-01A	0	0	0.452089379173359	0	0	0.109096055930329	0.0337148641597431	0.0406810644883931	0.00536307266769035	0.0222352297331509	0	0.0194933177134129	0.00669258582639115	0.12102659747131	0.0278225317650464	0.059246647000383	0	0.0597639695248333	0.0244517367552766	0	0	0.0183229477906819
TCGA-NJ-A55A-01A	0.00237547950826445	0.124954962010532	0.0119982467926985	0.0878308432913708	0	0.246351698060853	0.00829774024537979	0.0344094116907439	0.0253722327226738	0.00151865680753805	0	0.0351824152202346	0	0.0145869227553373	0.0735618943369619	0.0809987120067242	0.102893967945312	0.0240898942035262	0.121183878917162	0	0	0.0043930434846872
TCGA-73-7498-01A	0	0.00361121566266863	0.142650263971544	0.0631958397978821	0	0.279224063524678	0.00332231865019069	0	0.0497608573974375	0	0	0.0301212905174023	0.0584180239452302	0.0233418539543587	0.0266074079248955	0.16560489776997	0.0340626078337256	0.0202837348397001	0.0997956242103169	0	0	0
TCGA-55-A494-01A	0	0	0.117606610357468	0.197062253515337	0	0.100745022431486	0	0.106775248656568	0.06830409698235	0	0	0.0717468560376098	0.0170912418390389	0.0365020885551433	0	0.0728904988378326	0.142998460503186	0.0682776222839806	0	0	0	0
TCGA-78-7152-01A	0.0228371683666022	0.0271596143071606	0.0744301241962379	0.129430006693246	0	0.137835059641437	0.0298953048838027	0.0429041630896259	0.0401307037746259	0.00791625253773058	0	0.0755020646443599	0	0.115804246087694	0.0931116911037874	0.111381914861855	0.0142479793062594	0	0.0695914901634086	0	0	0.0078222163421665
TCGA-49-4506-01A	0.0233845577093813	0	0.0376771738998546	0.322391436176651	0	0.0176589476108678	0.10498681299068	0.0221362546143838	0	0	0	0.0672356336240099	0	0.0596561230614708	0.105443839801084	0.12802397746489	0.0674573477309247	0	0.0290735272919338	0	0	0.0148743680238676
TCGA-62-A46R-01A	0.0337761514081706	0	0	0.0742686707075584	0	0.21572714231954	0.0230622906699346	0.0365039129203717	0.0389942447161424	0	0	0.017467389008858	0.0618724180048943	0.0521829620630574	0.00862320994126452	0.164036905839415	0.0358083853034349	0.108613102636108	0.12906321446125	0	0	0
TCGA-97-A4M7-01A	0.0260168448698574	0	0.0686205111857478	0.0609393416280221	0	0.191821431156381	0	0.0652450123655541	0.057125560273397	0	0	0.0271647706750308	0.0455176380804435	0.0151244186130996	0.0534709131288382	0.102767878967733	0.129287700381165	0.0516947191357707	0.089730174819583	0	0	0.0154730847193769
TCGA-97-A4M1-01A	0.00835802364296541	0	0	0.0512218795906388	0	0.123932509221639	0	0.0149157813994329	0.0284936085427861	0	0	0.0551898548601654	0.0507248523430855	0.0829529003676868	0.0223744575803119	0.280708826997423	0.0536237404605728	0.0168963853740938	0.207541528229307	0	0	0.0030656513898924
TCGA-64-5775-01A	0	0	0.0170016598319554	0.0361916591551808	0	0.127788005064958	0	0.0178269625332182	0.0310374038377152	0	0	0.0348335873878424	0.0712134454025795	0.232273565630095	0.0406944828792427	0.365016925352597	0.00651883230036905	0	0	0.01042214079563	0	0.0091813298286161
TCGA-91-7771-01A	0.0593092561154225	0	0.0669713568311152	0.115353902467884	0	0.332780271509533	0.00971993435104804	0.0246067446087082	0	0.00428285989643758	0	0.00693774119410008	0.00480459131104877	0.0631224046904652	0.0921452828436944	0.15488046560975	0.0356928802748031	0.00269347328286646	0.0247863163518156	0	0	0.00191251866130845
TCGA-95-7043-01A	0.0638113664116069	0	0.16049620984376	0.197074725312979	0	0.0601682590671364	0.0260510103995776	0.0267533859792238	0.071469645888695	0	0	0.0300061382590256	0.00681108536918729	0.0762062631804281	0.0649868320854606	0.141682487604364	0.026157786385389	0	0.0393375999794921	0	0.00898720423367485	0
TCGA-44-2662-01A	0.00602149151353891	0	0.0737796159273258	0	0	0.0837038906294974	0.0302623272204478	0.00329786778491562	0	0.0115572625431548	0	0.010234190671856	0.0869438573317072	0.283001844962106	0.0139001662068425	0.15919729200773	0.0836356163181798	0.0127712777390071	0.0524678355199588	0	0.0202721838910667	0.0689532797326649
TCGA-44-7661-01A	0.0401589718183827	0	0	0.0265212083655634	0	0.196727997926979	0.0917552331448829	0.00394818269159926	0.00521634784558859	0	0	0.0211713963980104	0.037667760250602	0.0790060897660559	0.0706552863365034	0.151586366574526	0.0561807477772838	0.121535535106535	0.0766914836204822	0	0.00635262143746071	0.0148247709395435
TCGA-MN-A4N4-01A	0.00452035432738183	0	0.122055624194083	0.00938953741546698	0	0.0349841364425152	0.0145499375014644	0.0222668317051287	0.0406426945658731	0.00984942326307876	0.00136528810999502	0.00282350570354647	0	0.519812174566939	0.0390506035890143	0.102645231471271	0	0	0.0707633552987098	0	0	0.00528130184553304
TCGA-38-4628-01A	0.00234027961770054	0	0.0352124971512623	0.0302066523331805	0	0.056874755153378	0	0.021610545754137	0.0217042670713069	0	0	0.0304264807290877	0.0528184958917147	0.129306517882674	0.0109613440594562	0.368780948903301	0.088027824864813	0.0200346392701308	0.107274787335902	0	0	0.0244199639819549
TCGA-99-AA5R-01A	0.0183011773613054	0.08385143296038	0.0123346914688917	0.166425810143799	0	0.269165930145974	0	0.0013084475556002	0	0	0	0.0896733195682277	0.0158678470988387	0.126568966502077	0.060735633380266	0.0806149368506626	0.0357780687829163	0	0.0393737381810617	0	0	0
TCGA-05-4415-01A	0.031995394124561	0	0.124944674109666	0.194281321995981	0	0.0557994715424201	0.0773210802610419	0.0571447735959776	0.000919710651079829	0	0.106214172734654	0.0163492931222122	0.0050502724312648	0.0649064516544479	0.0787935275041414	0.0983895177948743	0	0.0214796570257108	0.0464126049179185	0	0	0.0199980765340494
TCGA-49-AARE-01A	0.0613623137513358	0	0.0791273493004963	0.0471821845380083	0	0.0403854308453455	0.0422942936690308	0.0371985144218656	0.0467093672748447	0	0	0.0257858741349934	0	0.288761044912338	0.152048322020403	0.118351064711905	0	0	0.0607942404194332	0	0	0
TCGA-55-A493-01A	0.0873562511592298	0	0.0461121658428003	0.0783957055457191	0	0.173060323411304	0.104131482462742	0.00860564528006355	0.0109186625334336	0	0.00554581167533081	0.0641539232048169	0.0108546785860078	0.103187986076466	0.106318229389458	0.158922210734167	0.0306163870250823	0	0.0101907892939227	0	0	0.00162974777945663
TCGA-62-A46S-01A	0.0112279548664671	0	0.216447551589643	0	0	0.298558014352874	0	0.00584387065847446	0.00658715236519644	0	0	0.0613971518145851	0.0266857087539122	0.00552308175569991	0.0790708629036705	0.175696356913378	0.0477946288048216	0.0105867605713108	0.048549433838008	0	0.00210040031328245	0.00393107049867667
TCGA-86-A4JF-01A	0.0122912150091052	0	0.105052650719031	0	0	0.0959962697791628	0.012452532563835	0.0638646625945564	0	0.0268483375468649	0	0.108051851813568	0.0126035004942519	0.114497140093722	0.095379256530536	0.126105774883327	0.0330772186070492	0.0275964570890532	0.157009091627804	0	0	0.00917404064813329
TCGA-55-6985-01A	0.0195188719518912	0	0.0798695217113293	0	0	0.191629198849498	0.0706393102575587	0.0402422980761489	0.0198003227576091	0.0315055865933582	0	0.0392608072269346	0.00152720966134004	0.160192710078167	0.11938122841287	0.0831712502907454	0.0344539511916904	0	0.09937476709944	0	0	0.00943296584141894
TCGA-J2-A4AE-01A	0.0739774683013426	0	0.21048664341602	0.0153906033032743	0	0.156265662321008	0.018322540713642	0.0473724247252711	0	0	0	0.0293495730598477	0.00485135317001779	0.0168199936619824	0.0943680192420447	0.115458866998525	0.0416547932379293	0.0411145267176976	0.129539658061588	0	0	0.00502787306980842
TCGA-78-7147-01A	0.0161763078658734	0	0	0.0334431538668062	0	0.145374288377064	0	0.0642268050707326	0.0685263960870657	0.00497008679820227	0	0.0581268506434991	0.0140091944378857	0.0537211746071197	0.225568163475353	0.0848667137895853	0.0565893928529672	0.0221833024886229	0.152218169639223	0	0	0
TCGA-93-7347-01A	0.0195765782708807	0	0.00300862649164799	0.0890793521189232	0	0.0831012374801837	0.00180030303943649	0.0677381284729292	0.085231117420949	0.0368612018724228	0	0.0624663636323306	0	0.191540637340784	0.0597578693499146	0.167956309837816	0.0202135819042422	0.008690676199125	0.097319010445237	0	0	0.00565900612317716
TCGA-91-A4BC-01A	0.00760392859400677	0	0.108881259633736	0.429416325631661	0	0	0.103444740807017	0.0357605119672106	0.00787955611204303	0.0564919474509603	0	0.042380483926586	0	0.0391798680907421	0.0413507211137869	0.0751199750231252	0.00703838606615864	0	0.0433864827658169	0	0	0.00206581281714858
TCGA-MP-A4TI-01A	0.00466264465989977	0	0.00220642070236876	0.101377532336849	0	0.0540791549581743	0.0677548122120306	0.0491378846484258	0.0818740431329676	0	0.00180777245815363	0.0387390982400028	0.00627768425708253	0.222715136269279	0.128684283848415	0.173295889701966	0.0193128123293606	0.0246616872049856	0.0234131430400382	0	0	0
TCGA-55-6712-01A	0.0138584162101795	0	0.0497977869465091	0.178952011600329	0	0.153386996107751	0.0961442178360969	0	0.00515108540018201	0.00994130553727525	0	0	0.00275336849473236	0.159267007261177	0.120383073025011	0.10855375963179	0.0204579457020451	0.0153482961341554	0.0657336822872356	0	0	0.000271047825531516
TCGA-50-5941-01A	0.0256593691007591	0	0.0521655516830188	0.166506757274077	0	0.0483212746426007	0.0344058799061711	0.0586674938330229	0.0565001824191324	0	0	0.0627194577827179	0.0154586837833986	0.0897326610674992	0.156432593162119	0.141399146269324	0.030473085363146	0	0.0531761535443038	0	0	0.00838171016871039
TCGA-64-1678-01A	0.0024236703585804	0	0.499650382559448	0	0	0.0907023449031667	0.0975147899564896	0.0387290407293722	0.00640455813800846	0.0482255597345746	0.0080887761193632	0.0124614480127561	0	0.0412139520337218	0.00884606886019263	0.0602198411650131	0.0173336514225508	0.0351270142959775	0.0181619863719597	0	0	0.0148969153388248
TCGA-4B-A93V-01A	0.00496782312192647	0	0.226769459394456	0.0777311813432863	0	0.0509685281902576	0.0836997662509644	0.0323880882553782	0	0	0	0.0370017378620829	0	0.321171170505257	0.0477500614914301	0.10922834983334	0.00285147493218355	0	0.00547235881943771	0	0	0
TCGA-55-8616-01A	0.0995776833230641	0	0	0.0396005048372191	0	0.295979886291847	0.000772368288725815	0	0.139759623828318	0	0	0	0.0100893979802693	0.07086296625221	0.0731902174334495	0.137625030139095	0.0251480514689066	0	0.107394270156896	0	0	0
TCGA-62-A46V-01A	0.0376291193046264	0	0.0164653058996301	0.0033249682790313	0	0.195206564528522	0	0.00986006104188249	0	0	0	0.0311562560700485	0.0470460935992378	0.0539422098357558	0	0.218759301490967	0.145253153294093	0.133531940462789	0.107825026193417	0	0	0
TCGA-69-7978-01A	0.0176656441203727	0	0.083109913400325	0.102065400072179	0	0.195427623955432	0.0371811541880393	0.0217699969289828	0.0219588278408026	0	0	0.0313917485418272	0.00840015624244086	0.0517877439688892	0.115453930036474	0.137285043181578	0.111995009808674	0	0.0526298050217692	0	0.000303429430525732	0.0115745732616873
TCGA-55-8505-01A	0.0407527146290661	0	0.129731178685648	0	0	0.124233961825771	0	0	0.0816784279787588	0	0.00206881173861212	0.0097140221596926	0	0.378218477116076	0.0320017607109599	0.153467759716458	0	0	0.0295712509530297	0.00654340369496776	0	0.01201823079096
TCGA-05-4250-01A	0.0232403036734665	0	0.0204808002262334	0.170482451130927	0	0.127639258369416	0.0698766402019252	0.0574565282201111	0	0.0240713665545338	0	0.0742954043295069	0	0.053034025235422	0.0965580416306645	0.187514640799893	0.0430503964000486	0.000748044346142569	0.035624022583277	0	0.00253498720378584	0.0133930890946455
TCGA-NJ-A4YG-01A	0	0.0105971343832998	0.0448067042117163	0.0512841266360593	0	0.169986146445321	0.0084887882481431	0.0430170011185878	0.0314252575592374	0	0	0.0435439547144225	0.0441347852838278	0.0660195494251613	0.0368886105437298	0.185336234722	0.130828448026665	0.0376210448377753	0.0784580363389733	0	0	0.0175641775050796
TCGA-55-8302-01A	0.0178672013051569	0	0.106878158687753	0.0746346690053348	0	0.0226773344972573	0.0130272912706333	0.0716266212594129	0.0137543705166994	0	0	0.0373528946534981	0.0269722987454331	0.0770994245767792	0.173659035051681	0.221290469702687	0.0310878513493714	0	0.112072379378303	0	0	0
TCGA-64-1679-01A	0	0.00629095796357503	0.0770114105507165	0.00702207624955313	0	0.0560238137825985	0.00356267679169136	0.0111915194205828	0.0236957996802912	0	0	0	0	0.408119102300451	0.0598011514704554	0.114125550994107	0.109739614993159	0.0172135567895121	0.0500984557525345	0.000797727154874199	0	0.0553065861058981
TCGA-38-7271-01A	0	0.181800467961306	0	0.184519374640095	0	0.12971431819643	0.0436271058305598	0	0.071469311157192	0.00342940727648795	0	0.025408355780345	0.000483435135689635	0.094095251942613	0.0410403597651419	0.137753875298978	0.0258818445724634	0.0206526442220743	0.0331809758136721	0	0	0.00694327240695141
TCGA-55-8619-01A	0.0460582803990673	0.0230932575348855	0.0122958573602798	0.131925515489598	0	0.123414792666593	0	0.0420233491627645	0.0580254024572472	0	0.0163817453619784	0.0170225579182534	0.00751671513538294	0.134367736128325	0.0399118359837151	0.230159295065644	0.0279660554769066	0.00443250910257598	0.0514498260758041	0	0	0.0339552686809789
TCGA-86-8076-01A	0	0.0355384500184633	0.0880545004289743	0.238689970961812	0	0.0329803554740432	0.0569989159252978	0.0372850723320438	0.0377952472635107	0	0	0.0153866916307134	0	0.192924045717656	0.0747618045591649	0.069304592757659	0.0720161143440695	0.00151256444927876	0.0333058086279395	0	0	0.0134458655093739
TCGA-73-7499-01A	0.0157613752432143	0	0.110660641759068	0.186113537630274	0	0	0.101958006837782	0.0319641724043689	0.0585976613547201	0.0339589707097934	0	0	0	0.0533876288469334	0.173600585497639	0.079838348847808	0.0989213573116914	0	0.0552377135567074	0	0	0
TCGA-44-6148-01A	0.0723426636841614	0	0.128066128953974	0.0478077790676573	0	0.0824784208859287	0	0.0282171464394646	0.00337261685723814	0	0	0.0271691611617499	0.0812972889696409	0.00899095368133201	0.00554749056302071	0.218457380141311	0.0321308138422677	0.0115728395086878	0.251770797288021	0	0	0.000778518955545662
TCGA-55-8621-01A	0.0173930899632521	0	0.085244283692417	0.0805715636575457	0	0.149736906225486	0	0	0.0165366086619075	0	0.00512969039438675	0.0432605085776308	0.0160236399228895	0.125798730282052	0.0945158358566271	0.150391075286403	0.0865373300693082	0	0.115133339199396	0	0	0.0137273982106991
TCGA-95-8039-01A	0.00569209085032168	0.00644051081748996	0.00108706394552475	0.0317379030004304	0	0.263584226370715	0.0154549143933632	0.0322323888310304	0.0581118413611576	0	0	0.0356480130515049	0.0509624294084447	0	0.0403793332217187	0.127457902058456	0.154103468582593	0.0774811563451806	0.0941721669568829	0	0	0.00545459080518646
TCGA-MP-A5C7-01A	0.0217181533648886	0	0.0719703070631433	0.0370385603971242	0	0.285083016620759	0	0.0472799970673198	0.00986860040176578	0	0.0134621933973695	0.0492977570914217	0.0169468270122649	0	0.0538653479570663	0.198984949958747	0.0956745810649877	0.0443926187641944	0.0480232249232225	0	0.00639386491572542	0
TCGA-50-5933-01A	0	0	0.0245186176920441	0.0179600855830017	0	0.128805507473085	7.32679974984888e-05	0.0097157302175846	0	0	0	0.0239685750826668	0.00310870969654569	0.294903543898033	0.0755505675795234	0.357481959456767	0.00959560293293933	0	0.0424931693369542	0	0	0.0118246630533576
TCGA-MP-A4T8-01A	0.038350549305216	0	0.0789944313458497	0.00954390106142436	0	0	0	0.0344956157124743	0.116722315042226	0	0	0.0243610655885725	0	0.402038373376441	0	0.0811473616085924	0	0.168999982340876	0.045346404618328	0	0	0
TCGA-55-6971-01A	0.00193156710108872	0.0135911614667712	0.0636579344258149	0.171652851335596	0	0.15076166569213	0.0489097284701599	0.0185517001444888	0.023763095991128	0	0	0.043221541022649	0.00045048568253436	0.172235460646725	0.104562298260262	0.100783268836953	0.000925809988122048	0	0.0741439740638242	0	0	0.0108574568717523
TCGA-NJ-A55R-01A	0.0520072470155004	0.106519471668765	0.227054095054217	0.0286760303743367	0	0.0571614244728909	0.000193952693028334	0.0161743107206273	0.0638929337335183	0	0	0.0367470918552348	0	0.268148487419675	0.0108614894146374	0.0691038227222706	0	0	0.062706956691338	0	0	0.000752686163960307
TCGA-64-5778-01A	0.0346902295842829	0.0164255673642895	0.0791433673218079	0.23939630851089	0	0	0.057002915585706	0.0562082943706509	0.0745855570382468	0.0797561842432658	0	0	0	0.056055046664861	0.171164619238049	0.093077715590052	0.0118361517308826	0	0.030658042757015	0	0	0
TCGA-MP-A4TH-01A	0.0693196498730028	0.100995716998691	0.0781118957140435	0.113959072291275	0	0.118351586212812	0.0028343497942049	0.0798779773119748	0.0689915774980411	0	0	0.0299894613093158	0.0101056144083757	0.0560269874483951	0.034823033031928	0.110868035726411	0.0604047191655266	0.0210460536125424	0.0442942696034605	0	0	0
TCGA-50-5049-01A	0.0158965324519376	0	0.117349660962808	0.172301826377203	0	0.106271112586905	0.0268099059451716	0.0384128813463821	0.0146839734235972	0.0312123256174999	0	0.0183872775239508	0.00546647575650052	0.151439442191217	0.0930317910753406	0.164303714511432	0.0357518661952815	0	0.00780488904638906	0	0	0.000876324988384808
TCGA-55-8203-01A	0	0.0818246365328741	0.156191071601836	0.141666920084834	0	0.0362735191904158	0.0657006619370233	0.0231534489196279	0.0723178472833902	0	0.0110239334142191	0.00999814182096371	0	0.137456259169109	0.0823114349173827	0.0788337253855477	0.0409934097694617	0.000861480751098384	0.0489775855240908	0	0	0.0124159236981257
TCGA-44-7670-01A	0.025055235032213	0	0.0683912670357285	0.166200174676243	0	0.0336669982794798	0.0721306199503979	0.0522152046725621	0	0	0	0.0343689934897092	0.00552276924250106	0.213313135893896	0.117671730760151	0.0443668919322988	0.133519848636389	0	0.0250043913859112	0	0.00613709382022249	0.00243564519229706
TCGA-86-A4P7-01A	0.00832824283904767	0	0.184179008272611	0.0483643921114769	0	0.0700658652030077	0.0094629927324417	0.060818619125234	0.0543730083596048	0	0	0.0254329329050695	0.00144575117918722	0.170414828031662	0.0223908189362624	0.21668205963762	0.0189476185349495	0.00610892651747014	0.102166426277316	0	0	0.000818509337039325
TCGA-05-4417-01A	0.0347470152288763	0	0.0847691116839327	0.0509440243336662	0	0.17074434862475	0.0796717271473375	0.0487606655465114	0.0215211932112709	0	0	0.0511258369188582	0	0.10874107652248	0.0662301239414046	0.128189122300041	0.0482667774554472	0.023795466532136	0.068413561440475	0	0	0.014079949112813
TCGA-55-A491-01A	0.0427322172052346	0	0.158201652316078	0.0557473235151666	0	0.126129710327844	0.0224792549592327	0.00743774425546305	0.0320117690933884	0	0	0.048512605833013	0.00517510700576756	0.216265915104173	0.118549220955148	0.101043089363295	0.0135231541659264	0	0.0521912359002702	0	0	0
TCGA-64-5815-01A	0	0	0.0301942902882868	0.0248251761448046	0	0.126049418082275	0.00349033257371892	0.0221147072516178	0.0416970135089392	0	0.0100900372378653	0.000232481253260447	0.00413931475386962	0.361128375678402	0.0149972507793547	0.144617122283595	0.0630006606692632	0.0959559637718275	0.055084210134146	0	0	0.00238364558877441
TCGA-05-4389-01A	0.0237166040590015	0	0	0.19992758809063	0	0.0144407733965409	0.0200852886100277	0.0579754362391847	0.0290262353955698	0.00321068950550802	0	0.0833967395049698	0	0.0818165893588966	0.101553613519163	0.138331093021023	0.114905909847818	0	0.128174151426029	0	0	0.00343928802563818
TCGA-78-7150-01A	0.100333541808511	0	0.0800072891296387	0.0605095219607387	0	0.104303095423541	0.0232439137109589	0.0590369074140238	0.0299453628912256	0	0	0.0737581521501533	0	0.192312685430251	0.0674458815959633	0.0960470557215457	0	0.0692331492926537	0.0390662552865154	0	0	0.00475718818428027
TCGA-55-8513-01A	0.00834653491714295	0.0519704754528954	0.00109520336733804	0.0225277813374908	0	0.0662625959609514	0	0.0124010037709989	0.0268294540972014	0	0	0.0328311402994301	0.00992747304007242	0.185414946216134	0.0297752766618856	0.381132695077481	0.073230677435357	0.0206598905252253	0.0701100056107425	0	0	0.0074848462296522
TCGA-86-8278-01A	0.00241724254314528	0	0.15073746400667	0.018143700744849	0	0.192734415259969	0.00563925798939972	0.0226101828155371	0.0117916351059126	0	0.0302236301512499	0.0377520184780286	0.0113265694552954	0.0841880341476156	0.0650667275830713	0.14831407098069	0.060810368465321	0.0485403026713017	0.096067524398312	0	0	0.0136368552036318
TCGA-05-4433-01A	0.00509906114969132	0	0.0041027162679029	0.121229901802756	0	0.112935476235229	0.0144609022813873	0.0216991055246405	0.0198231634630329	0	0	0.0165344044731061	0	0.260050703180002	0.12136239614082	0.178327483147643	0.0294520362557136	0	0.0662965027595624	0	0	0.0286261473185128
TCGA-73-4658-01A	0.012151859121734	0	0.00582304756157615	0.0163586107689086	0	0.171936781621465	0.0260101277770181	0.0401692271087166	0.0091338917918596	0	0	0.00281626687482013	0.0152596073212349	0	0.0964811997564487	0.245977372554045	0.299416717715069	0	0.0431493780472062	0	0	0.0153159119798986
TCGA-55-8301-01A	0	0.0433954250619255	0.109516425914225	0.12376912453542	0	0.0458963008710981	0.0119436023041463	0.0207167224178108	0.0688227948560668	0	0.0149874921250461	0.0239666088074584	0	0.150566061111352	0.26651229035527	0.0707457561837657	0.00341695567033823	0	0.0457444397860774	0	0	0
TCGA-73-4668-01A	0.00948541773413962	0	0.185418341337119	0.038791612001039	0	0.145051345589598	0.00663095786050257	0.0291607105459421	0.0202957673734677	0	0	0	0	0.353977182295354	0.015099957670892	0.0917806060983965	0	0.04214421037064	0.0477986771657435	0.0128195160080534	0	0.0015456979491134
TCGA-49-4487-01A	0.0605606281253731	0.0345102125642685	0.0141689316983445	0.168543130536421	0	0.095629405572315	0.108076998678674	0	0.0454395640052273	0.0329598415221363	0	0.0192780598322007	0	0.225457911898576	0.0892476572714924	0.06277379404109	0.00733743577337977	0	0.0360164284805004	0	0	0
TCGA-05-4390-01A	0.0227344748259096	0	0.14523602005858	0.0137760603021143	0	0.119773385414273	0.0920049824273911	0	0.00360312619382225	0	0.0272277520915233	0	0	0.362733156058092	0.0397762549044734	0.120796762649477	0	0	0.0233634986018774	0	0	0.0289745264724669
TCGA-44-6776-01A	0.062985575880743	0	0.124159703656752	0.0450959260872061	0	0.259246730427376	0	0.0464069564921939	0	0	0	0.0432118805844301	0.0288359138021024	0	0.0259562128564463	0.0954653076627053	0.100678001992884	0.0591814021083417	0.101867698637539	0	0	0.00690868981127983
TCGA-49-4514-01A	0.0556262619530729	0	0.0813665682833519	0.196110744203212	0	0.0710488669255074	0.0956972723335154	0.0424162007095956	0.0469521660590862	0	0	0.0328724718670747	0.00650654585517391	0.06157455736466	0.0990953152334594	0.0730894095262202	0.0104439632837722	0.0655442688559203	0.061655387546378	0	0	0
TCGA-50-8457-01A	0	0.0538713910654985	0.240736227802884	0.115494169849482	0	0.154253592523715	0	0.0291852407550478	0.0515035977124944	0	0	0.0178757464684419	0.0345977395329689	0.018942100349412	0.0589474198127804	0.0943595596069061	0.0472768634274604	0	0.0829563510929082	0	0	0
TCGA-55-1595-01A	0.0307795567661488	0	0.0879856410580047	0.160127965125848	0	0.0529572688392262	0.0116564203038602	0.0490933423938276	0.0550509558342341	0	0.000933472276102758	0.0388734563871502	0.0210050455120657	0.0574207407467239	0.110457331926017	0.165806054541518	0.0647303189850081	0.0346915091631051	0.0584309201411599	0	0	0
TCGA-55-6969-01A	0.0076776307036117	0	0.201054502279303	0.0182961388542405	0	0.181796642906066	0.0548503309153053	0.033003515326632	0.0193438331179233	0.0299382663497492	0.00785762706217249	0	0	0.239377754024809	0.0552862907580005	0.14349535308672	0.00314167788456215	0	0	0	0	0.00488043673090536
TCGA-97-A4M0-01A	0	0.0200547710805958	0	0.149003011384791	0	0.212777231629936	0.00792736109650487	0.0143482783566647	0.077038858144269	0	0	0.0593516387895365	0.0403039569118208	0.00267999310074854	0.0782395360923808	0.0977216435688793	0.108507605688546	0.0316053622726392	0.0889295218833227	0	0	0.0115112299993645
TCGA-55-7728-01A	0.0136463206633879	0.0392883613394828	0	0.052875534737856	0	0.0236842005410022	0	0.0317442801843783	0.0661647533549344	0	0	0.0108936532916156	0	0.508301343489743	0.0286968523266765	0.19141164788534	0.0155656993874362	0	0.0165832235695398	0	0	0.00114412922860722
TCGA-95-7947-01A	0.00993402428558727	0	0.0598549327983326	0	0	0.320463740743293	0.0051334275496653	0.0533736378347382	0.00643607334185388	0.0045133938206629	0.0140926251336309	0	0.00915004168948191	0.142296666357732	0.162180788186338	0.169421707355313	0.0255855251336065	0	0.0175634157697658	0	0	0
TCGA-80-5611-01A	0	0.00699621628330768	0	0.0201395680922711	0	0.114513078331579	0.01737034690432	0.037441329472336	0.0435373764379662	0	0	0.000537218153668848	0.0785407401026681	0.345270288902677	0.0910981249566752	0.190078274106494	0.0315474708649537	0	0.0177876795514564	0	0.00514228783962656	0
TCGA-62-A470-01A	0.00203388019328999	0	0.0516135815739568	0.0235999229358501	0	0.196343743316159	0.000809097999638458	0.0113466343831198	0.00175635030451195	0	0.0390597096360747	0.00419853755561998	0.0172369983010662	0.125186898694446	0.0145775367728035	0.465923953738641	0.00114704038046659	0.0407554448948614	0	0	0	0.00441066931949364
TCGA-55-8087-01A	0.0174981521483677	0	0.0247575919028432	0.0268726310763986	0	0.102548557305762	0	0.00671995213494691	0.0262606474826666	0	0	0.0299993116827081	0.0104319292322548	0.0286735892645435	0.0184220783904325	0.121050687249924	0.439414265455664	0	0.129822545753472	0	0	0.0175280609200169
TCGA-78-7148-01A	0.0148484697673671	0	0.0531654555417353	0.289157461143572	0	0.0539479842122094	0	0.0404639659732941	0.0776227301975729	0	0	0.0514506329745111	0.00970383260572133	0.0561340158752013	0.0727099936811155	0.150606753936826	0.0728722934329756	0.00247885567438354	0.0516495745272269	0	0	0.00318798045628784
TCGA-78-7155-01A	0.101891981604249	0	0.0167077817677106	0.212560047613634	0	0.137920075557889	0.0687092294504902	0.0672442162938972	0	0.00877868881765504	0	0.0109085963972069	0.0093765296680784	0.0248443510797246	0.0805298476116234	0.154774460542104	0.0984094535487632	0	0.00455573965666502	0	0	0.00278900039030851
TCGA-97-7937-01A	0	0	0.0801278130839335	0.0139852069670501	0	0.0776084097548942	0	0	0.0694372262941469	0.0102970985036494	0	0.0423626159365869	0	0.276104134304602	0.0412282771525853	0.205719542801844	0.0553259183742354	0.00535409531175491	0.110038139919397	0	0	0.0124115215953195
TCGA-64-5774-01A	0.0421936499240796	0	0.243864815057026	0.0576041451339735	0	0.152433929348871	0	0.0241300594454209	0.127069150555888	0	0	0.0634017346307972	0	0.16633281705651	0.0401680487102801	0.0494808489968235	0	0.00425170975261741	0	0.0225149823739334	0	0.00655410901377967
TCGA-78-7220-01A	0.110956716066043	0	0.0188949453949016	0.204599822667182	0	0.0573507799234181	0.0884310146925502	0.0954334552622863	0	0	0	0.0142700985303909	0	0.133553775886887	0.0740654744758696	0.0977669957821866	0.0395549368387922	0	0.0524110607899872	0	0.00689134163155099	0.00581958205795486
TCGA-78-7167-01A	0.0575374321264691	0	0.10263087438851	0.12787384662812	0	0.163161632824095	0	0.0458111282219763	0.0348130615870166	0	0	0.0350743110328524	0.0363760444212356	0.0355897240652808	0.0763674260322086	0.147265920802715	0.0526898571793943	0.00363129436147068	0.0811774463286549	0	0	0
TCGA-86-8279-01A	0	0	0.0414053227030027	0.0292601513008269	0	0.0977987249494124	0	0.0171358740771956	0.026032596090311	0	0.00358912810943765	0.00887670832693987	0.01161015099718	0.267047195340847	0.0385902597769074	0.167366711903747	0.235083585911106	0.0442071998907071	0.0119963906223787	0	0	0
TCGA-62-A471-01A	0.0462068478864987	0	0.122728222749268	0.162743631925246	0	0.052436467520964	0.0109118908202696	0.150077396580786	0.0460689045887103	0	0.0462621320869819	0.0622533683277303	0.00620211232069065	0.0741477135170427	0.0352285421926607	0.0416246883603399	0	0.0824009346668639	0.0453854282522395	0	0	0.0153217182037081
TCGA-97-A4M6-01A	0.0166004093504835	0.0296475582164169	0.0041495430996889	0.0547315389839415	0	0.225461351768732	0.00152450819270945	0.0318604237410847	0.0610696330639141	0	0	0.029992458530098	0.0400287292859405	0.102698701877386	0.0991672061741871	0.121773569794914	0.0791487455734483	0.0201975032907189	0.0697469051426047	0	0	0.0122012139137312
TCGA-L4-A4E5-01A	0.0012638110083147	0	0.209087153194264	0.0130886522201807	0	0.127472908009929	0.00294549621414469	0.0238821079819416	0.0446113800215952	0	0	0.0921338531778043	0	0.21155413200041	0.0767293259394949	0.153939774117848	0.0148139624983862	0	0.028477443615686	0	0	0
TCGA-55-A48X-01A	0.0285856350560722	0.162899152991969	0.077617825374554	0.106723445833537	0	0.149963214502917	0	0.0415809624521111	0.094581285948378	0	0	0.0352130848797715	0.00832561914145056	0.083619131685316	0.050196075621809	0.082727944153421	0.0238856444970662	0.00307064778654713	0.0432945329572045	0	0	0.00771579711787511
TCGA-86-8055-01A	0.00260236917541832	0	0.157572042849743	0.00862848772407308	0	0.166829127453933	0.00978612517336772	0	0.0393780889344726	0	0	0	0	0.250614717369648	0.0831198291006121	0.197446548276412	0.0404562510878735	0	0	0.0306970431434583	0	0.0128693697109891
TCGA-55-6982-01A	0.0168732009976729	0	0.162364876118015	0	0.00553190217209712	0.0418761268956413	0	0	0.0136129170268222	0.00910763209129194	0.000455911664893558	0.00551805501818159	0	0.241548783793287	0.214991604695578	0.198386660451932	0.0535791870800171	0.0239084247026614	0	0	0.00727256600175716	0.00497215129015207
TCGA-05-5423-01A	0.0290242036366673	0.00384301708535971	0.0158983086382323	0	0	0.169477957906759	0.0256123004804814	0.00649567614152438	0.0221801850652027	0.0399638856101433	0	0.0246616008766383	0.0161589689049136	0	0.0263988424314896	0.191708433193429	0.216982420491455	0.0353803123877634	0.0664227934320903	0	0.095134313119101	0.014656780598749
TCGA-05-4382-01A	0.00314164153505313	0	0.118507845354279	0.0108275608649978	0	0.10008490411323	0.0485399781136529	0.0106797800161337	0.0223668458809091	0	0.0216881841760098	0	0	0.241857849152377	0.0727078327759543	0.296817550452106	0.0175691866369606	0	0	0.015991305081245	0	0.0192195358470917
TCGA-55-6987-01A	0.00956796981593225	0.0433901440539838	0.0523392786503518	0.27295962235446	0	0	0.152629995596937	0.0302356205392189	0.000139240063025162	0	0.0287471632727515	0	0.00208107239466655	0.148886191242525	0.134063675953824	0.0670085945348674	0	0	0.0503016512359152	0	0	0.00764978029154135
TCGA-91-6835-01A	0.0404357715176212	0.0019875029686041	0	0.120688906087445	0	0.178441696689414	0.0183509060659885	0.0206215299492729	0.0648341896178625	0	0	0.0139581833678428	0	0.23576950634222	0.080549184118165	0.155208688712554	0.0144587932981814	0	0.0501945096142049	0	0	0.0045006316506243
TCGA-97-8171-01A	0.0209177484419525	0	0.0560998957228048	0.0199512017452276	0	0.163613991162376	0	0.0436451115472631	0.00960004706559567	0	0	0.0122756556647114	0.00594587338765028	0.248517567488137	0.0264581316547976	0.296326096037381	0.0186413474042267	0.0364285187337533	0.0402541906051027	0	0	0.00132462333902012
TCGA-53-7813-01A	0.00751687250316664	0	0.391775592018517	0.173269396309566	0	0	0.117578902974117	0.0222509588350989	0.0259554099572652	0.0347375273320685	0	0.03234394219916	0	0.0464997189603972	0.0508658810109231	0.0198304058229057	0	0.0410383270421359	0.0342634957818081	0	0	0.0020735692528705
TCGA-MP-A4T4-01A	0.00422676964406034	0	0.0801960304472339	0.218120036252428	0	0.0648681887394902	0.0748934207594943	0.0406532414593126	0.0385218987482497	0	0.025809078460399	0	0.00127411899593195	0.118400141894824	0.141020595259318	0.126425808706728	0.0202242192582251	0	0.0450733668402963	0	0	0.000293084534008307
TCGA-05-4420-01A	0	0	0.252292689610792	0.0291964312882693	0	0.164834455760035	0	0	0.0619708524202064	0	0	0.024700546732756	0	0.0582712810766446	0.0150132812409726	0.146768513478981	0.0284547661444169	0	0	0.018119052946909	0	0.200378129300018
TCGA-MP-A4T7-01A	0.0417141316220659	0	0.0198518759530614	0.067130958728455	0	0.134619153804366	0	0.118721682051932	0.00665107705783968	0	0	0.0437659338867715	0.00592622345590414	0.101855401980515	0.0225111174616037	0.202239997493613	0.00217024036407504	0.184341119909352	0.0404295904053826	0	0	0.00807149582506249
TCGA-49-AAR9-01A	0	0	0.0593936259261213	0.0212525816035186	0	0	0.000930035380208133	0.140812073214136	0.00276435537366757	0.0722339625760493	0	0.080908089622601	0	0.407477186280366	0.0713011127860899	0.0575811323310538	0	0.0846093286953223	0	0	0	0.000736516210865689
TCGA-44-7669-01A	0.0124911748713168	0	0.0287424422680447	0.010776040984553	0	0.217186622882777	0	0.0557101403242151	0	0	0	0.0590752097217942	0.00627205220598793	0.0935425670296648	0.120084991790871	0.215459398540035	0.0376711035961301	0	0.136323223479866	0	0	0.00666503230474447
TCGA-86-8674-01A	0.0474043454978498	0	0.143208818342815	0.039968639032178	0	0.0624554762841678	0	0.121553708322561	0.0518455848125542	0	0	0.042185295331185	0	0.301001785656491	0.0526635943483126	0.0565978980504269	0	0.0597208959990337	0.021393958322424	0	0	0
TCGA-55-6981-01A	0.0469491403548963	0	0.0599710495352413	0.013659295263196	0	0.204659924226695	0	0.0258303839479742	0.0228640718463201	0	0.00362577571351931	0.00541453606159385	0.0144434331176819	0.13494873670467	0	0.118076971273419	0.169123082401996	0.075390777142662	0.0935164315229287	0	0	0.011526390887207
TCGA-49-4505-01A	0.0121196316757606	0	0.0697609298902566	0.0376664381487343	0	0.0862103625195086	0.0177506979911932	0.0406887746061482	0.0538557252930802	0.0104385249498146	0	0.0710879286801522	0.0181810295483945	0.00683887599448936	0.0893217493731324	0.183693875084041	0.122120011246424	0.0377849794599112	0.131845945968502	0	0	0.0106345195704573
TCGA-91-A4BD-01A	0.00858293345188555	0	0.0438191437787082	0.0355019274795126	0	0.122721546302457	0	0.0041920025269091	0.00848659949838737	0	0	0.0681354238021107	0.14699857815057	0.0697437684423421	0.0242721506560102	0.242370710761143	0.0105334195986708	0.0488615074992542	0.165200734313392	0	0	0.000579553738646447
TCGA-67-3771-01A	0.0126336529800405	0	0.187455331857021	0.0138027656760291	0	0.0795721886580576	0.0256506564520809	0.000551301132731691	0.0166555269146404	0.025492779652398	0	0.0435333729834702	0	0.188823480856121	0.130222084841356	0.182052676329553	0.0425599061617091	0	0.0446791391062237	0	0	0.00631513639856809
TCGA-86-8054-01A	0.0819282479390547	0	0.034859194960961	0.0584478065085282	0	0.233508659841868	0.0484645222966816	0.0187939113096444	0	0	0.0222602886853846	0	0.0119043474511769	0.110441811756397	0.0395471917057082	0.138530187310813	0.0996977070553673	0.011611864911529	0.0633642321737762	0	0	0.0266400260931095
