"","baseMean","log2FoldChange","lfcSE","stat","pvalue","padj","change"
"FGR",1068.33981407193,1.34685473204168,0.0713852195441826,18.8674173819423,2.11379621426462e-79,3.32807444289596e-77,"UP"
"MEOX1",52.3001458102025,1.08545943435917,0.11365988197237,9.55006652763403,1.29613029725728e-21,3.0974868940577e-20,"UP"
"ITGAL",1705.52267251611,1.53363566612444,0.0661698782260747,23.1772478239215,7.7245401687574e-119,9.64846564012258e-116,"UP"
"CCL26",28.6366066534974,1.02532992816527,0.148000664980349,6.92787379233331,4.27212600186743e-12,4.62406428486356e-11,"UP"
"NOS2",110.427711849504,1.15988578919042,0.136840927828715,8.47616139114652,2.32745828505382e-17,4.37823879806912e-16,"UP"
"DNAH9",289.340584659753,1.31027877409087,0.216713124170178,6.04614408614196,1.48353433076314e-09,1.09517333416778e-08,"UP"
"MATK",241.595375083028,1.30654694998499,0.0809811556839612,16.1339627589899,1.47260790292729e-58,1.14011494501015e-56,"UP"
"CD79B",193.320571331922,1.49034422177503,0.104720973145411,14.2315734566905,5.8353869323156e-46,3.05396116100182e-44,"UP"
"MMP25",144.400805713833,1.08147230290972,0.0812526249688372,13.3099983332785,2.0248625626554e-40,9.1196694648826e-39,"UP"
"TRAF3IP3",426.560219587702,1.53522435877835,0.0696461299293491,22.0432113074441,1.10979909960258e-107,6.70748255811417e-105,"UP"
"HHATL",17.0937086795329,1.16629147297368,0.245894104971744,4.74306398320405,2.1050974478997e-06,8.74525627136335e-06,"UP"
"CD4",5444.49381481565,1.29151510421027,0.0598583503601774,21.5761893944456,3.00648554741138e-103,1.28021620946135e-100,"UP"
"BTK",676.417790866314,1.42472868522508,0.0642564085866319,22.1725539376237,6.32196874111161e-109,4.23030022619525e-106,"UP"
"NA",NA,NA,NA,NA,NA,NA,NA
"TYROBP",3875.91028875538,1.3431734305409,0.0777023030208209,17.2861469779215,5.98195075624459e-67,6.02568975102143e-65,"UP"
"CD22",452.363899945401,1.48266380629581,0.109522451829648,13.537533003753,9.38894102827561e-42,4.4088019826008e-40,"UP"
"LTF",6240.88491044304,1.0926689430621,0.18095257252082,6.03842724002381,1.55623570729681e-09,1.14523300125345e-08,"UP"
"ALOX5",2481.91384044877,1.08142687878858,0.0816900008961517,13.2381792988758,5.28136618121437e-40,2.36161519740411e-38,"UP"
"CD6",769.43395848553,1.43622359917139,0.071652759172218,20.0442190330649,2.26711735163611e-89,4.91843026535456e-87,"UP"
"WAS",832.221902936578,1.29390408386653,0.0575079749623301,22.4995591431291,4.19207905466967e-112,3.14171172673164e-109,"UP"
"MARCO",2891.81359231554,1.42320415455353,0.138715338065697,10.2598903221466,1.06828004384302e-24,2.9007673770207e-23,"UP"
"CD74",188195.27326713,1.20115741279048,0.0809225638785217,14.8432940730056,7.68858870827191e-50,4.43241224732869e-48,"UP"
"RUNX3",987.657632996753,1.14845664098479,0.0727070593393064,15.7956689683352,3.33239215831435e-56,2.32969027903648e-54,"UP"
"SLAMF7",2390.72099166849,1.47243910398256,0.0963763480682246,15.2780130550311,1.07158414935235e-52,6.89938165713598e-51,"UP"
"MUSK",36.3448363790602,1.1582197340881,0.143855603436206,8.05126603637461,8.19419357650964e-16,1.34318819640844e-14,"UP"
"STAP1",85.8689675346295,1.38287712580918,0.0976421629812153,14.1627047536342,1.55877141040582e-45,8.09006679926968e-44,"UP"
"SLC18A1",8.08513695764121,1.14248735193252,0.164426201407632,6.94832905067336,3.69638050444205e-12,4.04529118757163e-11,"UP"
"MSR1",2993.05584420183,1.28971186646175,0.0953122214951882,13.531442728222,1.02001912343587e-41,4.77776957417361e-40,"UP"
"LCP2",1771.98420573559,1.36058644898403,0.0538088168796001,25.2855670851936,4.60417542266509e-141,4.31319153595266e-137,"UP"
"TNFRSF17",199.152588945532,1.25757167391897,0.129647517547086,9.69992868133583,3.01709452684497e-22,7.41840984973325e-21,"UP"
"TNFRSF9",372.02257503116,1.45722802642757,0.101433258334697,14.3663730254942,8.41228379262817e-47,4.50321568967661e-45,"UP"
"FOXP3",262.304455522745,1.19474413322533,0.0727887224254799,16.413863211413,1.52204869200274e-60,1.25626010102923e-58,"UP"
"TNIP3",193.215697550361,1.04956864844546,0.141550770608984,7.41478583217863,1.21821505101505e-13,1.61532039602392e-12,"UP"
"TRAF1",1016.51608561827,1.00049532697668,0.0630161854565691,15.8767992655826,9.17418991696821e-57,6.53565103742647e-55,"UP"
"CREB3L3",5.38245520511164,1.08538430626851,0.17722251926196,6.12441528756374,9.10172217278868e-10,6.96040271956607e-09,"UP"
"TSPAN32",89.1828644749806,1.20949489562288,0.0969769620770162,12.4719816925419,1.06152862668498e-35,4.07557384212497e-34,"UP"
"GLP2R",20.2811073403305,1.12720093706047,0.194354206404718,5.79972493475758,6.64237847639091e-09,4.43203714863462e-08,"UP"
"CD84",1347.07403591216,1.47411628346637,0.0746181054857157,19.7554772246069,7.19721906260869e-87,1.40465725371913e-84,"UP"
"SPI1",2001.2483577904,1.29064945983415,0.0707558809627069,18.2408789527249,2.44495002803407e-74,3.01372261350305e-72,"UP"
"RASGRP2",361.38902108278,1.3531168089183,0.0866382695523414,15.6180036363819,5.48977440566778e-55,3.76763418551617e-53,"UP"
"SLC12A3",19.6623233071973,1.52121900805887,0.101220894711755,15.0287054109808,4.76221856520316e-51,2.8782234528273e-49,"UP"
"FCGR2B",770.788593086647,1.23051748769712,0.0845967489572452,14.5456829353929,6.22069111228226e-48,3.44825055265445e-46,"UP"
"ACAP1",953.323265586487,1.3432441852777,0.0701962924777784,19.1355431727811,1.27741031389895e-81,2.11801412754078e-79,"UP"
"TBX21",116.91076461639,1.72913808689609,0.0959043890081346,18.0298118238303,1.13677877429538e-72,1.3066679211778e-70,"UP"
"ARHGAP15",463.091179292138,1.20032646084725,0.0667475008829004,17.9830921752871,2.64331174337217e-72,3.01982248925738e-70,"UP"
"ICAM3",110.268187669128,1.34332105825751,0.0788484362429921,17.0367495192639,4.38431649641792e-65,4.19104866718807e-63,"UP"
"APBB1IP",941.508331776186,1.08080657277474,0.0687059950281388,15.7308917850923,9.2893470163373e-56,6.4461187295591e-54,"UP"
"CST7",564.646047165787,1.21790464323538,0.097544740957527,12.4856002617884,8.94660412860063e-36,3.44196252471173e-34,"UP"
"P2RY10",332.158043409187,1.51370600962632,0.0805469609786045,18.7928382552931,8.64307630437079e-79,1.29549342110953e-76,"UP"
"SLC1A3",735.440896869704,1.11336923300985,0.0894519299549666,12.4465646920124,1.45994951455304e-35,5.582370225442e-34,"UP"
"SP140",392.221883833994,1.34547171424676,0.0817100260782983,16.4664213049873,6.39429444740694e-61,5.37235429446711e-59,"UP"
"AFP",13.4256775865755,1.42904389891615,0.293997511067303,4.86073468352937,1.16950908127656e-06,5.12319900556411e-06,"UP"
"PTPRC",4025.49059545427,1.63919723291045,0.0690522354664386,23.7385107352122,1.4440458554172e-124,2.25463692892471e-121,"UP"
"FYB1",1706.4613482333,1.32182894608807,0.0788843736641038,16.756537254343,5.07324342221391e-63,4.48359852634905e-61,"UP"
"P2RX5",101.280628244088,1.02158090584769,0.111497075766218,9.16240088654606,5.07552940511443e-20,1.12538602289023e-18,"UP"
"EPYC",65.5853487608013,1.11927159014142,0.224482213022681,4.9860145936299,6.16374908354624e-07,2.86205707135867e-06,"UP"
"FCN1",648.77739347887,1.50041079322853,0.105856044227348,14.174068228037,1.32591345861339e-45,6.90064293349457e-44,"UP"
"PILRA",549.19102898431,1.23478416570774,0.0703289500933958,17.5572671576635,5.23349310105918e-69,5.41738821775938e-67,"UP"
"LAT2",965.51918684959,1.09574538624967,0.0652311165482972,16.7978940761864,2.5286363723355e-63,2.28872130782985e-61,"UP"
"MYBPC2",85.260927772168,1.03995180840739,0.134271844588524,7.74512193225852,9.54901672282024e-15,1.42331246872522e-13,"UP"
"CASS4",327.603121061914,1.03825928680024,0.0793904145224831,13.0778922499039,4.40485546671652e-39,1.90159843374195e-37,"UP"
"SIGLEC1",1609.67441695428,1.28092458063144,0.0951482926786116,13.4624021574207,2.60313690463291e-41,1.20128997648281e-39,"UP"
"SIRPG",191.470272074964,1.701971487395,0.0822015507803663,20.7048586217368,3.13152337651118e-95,8.38174599747335e-93,"UP"
"P2RX7",256.54398388731,1.26329692113485,0.0859536746083237,14.697416101074,6.69666432441668e-49,3.83696338783703e-47,"UP"
"LAG3",441.897472099953,1.1432232422092,0.108431026976597,10.5433220922637,5.45376379331029e-26,1.52966644358475e-24,"UP"
"RGS1",4850.8291351818,1.12976739565337,0.101272096350394,11.1557619163373,6.71153923178839e-29,2.09230281275852e-27,"UP"
"LYZ",17138.3567491532,1.22795595998529,0.124900513535139,9.83147246740357,8.2404974689891e-23,2.06962413644745e-21,"UP"
"CD209",295.459091885725,1.23180714636464,0.0965011033207623,12.7646949514163,2.58160020971796e-37,1.05149698976686e-35,"UP"
"NLRC4",205.657208318755,1.0775192797446,0.0661653829031799,16.2852421079667,1.25631001043876e-59,1.01457863601641e-57,"UP"
"DAZL",4.79561889275572,1.55701608937618,0.181135304114865,8.59587310703839,8.2634075211343e-18,1.61106351005174e-16,"UP"
"FMO2",1373.83692827396,1.09297692555667,0.102646364357805,10.6479847814849,1.78180525727958e-26,5.07354153501371e-25,"UP"
"TPSD1",117.685672408681,1.10406135619031,0.177515676835382,6.21951466976158,4.98694998782137e-10,4.00838674267787e-09,"UP"
"TREM2",1223.41190099133,1.2748267836691,0.0955217854428414,13.3459270862554,1.251044165794e-40,5.64808758802805e-39,"UP"
"IL12RB1",317.901557201572,1.45884724397743,0.0645475237711706,22.6011341527094,4.22383461603231e-113,3.44077240721658e-110,"UP"
"OSM",312.869960912385,1.14857231851921,0.113944389788312,10.0801129450344,6.76483174621612e-24,1.77515248735442e-22,"UP"
"SEC14L3",24.628570805309,1.00884967170997,0.220444427816558,4.57643534791216,4.72965784916229e-06,1.83353754318032e-05,"UP"
"CYTH4",1158.11727653604,1.28240251037897,0.0589521144579908,21.7532911613002,6.42976491925899e-105,3.08892501351888e-102,"UP"
"LGALS2",165.744745679239,1.21889772229481,0.112330962875104,10.8509505402357,1.97362074520946e-27,5.8416679750781e-26,"UP"
"NA.1",NA,NA,NA,NA,NA,NA,NA
"GRAP2",235.928529104389,1.11065662851945,0.0819918065512769,13.5459465431446,8.37276221361612e-42,3.94150936769627e-40,"UP"
"PVALB",19.3965245816433,1.3870975900137,0.130666995979781,10.6155160269264,2.52395947553832e-26,7.15414595063328e-25,"UP"
"NCF4",833.36209415568,1.03058175172623,0.0686817422478293,15.005177766276,6.79087673446615e-51,4.07800854156916e-49,"UP"
"CSF2RB",1241.7522995038,1.45775647617898,0.0653893334240418,22.2934903881893,4.2734234724933e-110,3.07949469925517e-107,"UP"
"IL2RB",1254.77569961314,1.47614111663654,0.076608344073683,19.2686728121517,9.84279105901066e-83,1.69187645212499e-80,"UP"
"CTSG",65.9164674904288,1.03919178862026,0.152555963747762,6.81187259475793,9.63364087991532e-12,9.97766144422849e-11,"UP"
"GZMH",242.300968489487,1.87637038399108,0.0996595034622637,18.8278118875193,4.4684619521275e-79,6.75170186573071e-77,"UP"
"GZMB",564.785298164801,1.54124218306992,0.114256282920505,13.4893429374231,1.80703783576371e-41,8.35966935577009e-40,"UP"
"ASB2",152.661641295161,1.32041864294743,0.0735018444422516,17.9644286883827,3.70068398984794e-72,4.17686838757777e-70,"UP"
"TCL1A",61.9273477850267,2.17743543298504,0.151762282842863,14.3476718470266,1.10174069358512e-46,5.88097254558711e-45,"UP"
"MMP9",3062.504638738,1.17788452123276,0.121273828896309,9.71260272684113,2.66444886728652e-22,6.56856762861583e-21,"UP"
"CD40",1726.77194438862,1.01794506674096,0.0761261731878793,13.3718145036487,8.83587599813677e-41,4.0181789490556e-39,"UP"
"SLA2",217.552529165729,1.34609037570698,0.0716599399697921,18.7844195274852,1.01287761651563e-78,1.50613293833625e-76,"UP"
"SIRPB1",258.420664160183,1.30618180826015,0.0994137700765879,13.138841905441,1.97222020409239e-39,8.55359207034145e-38,"UP"
"PDYN",0.866390792830366,1.2926055122176,0.227567986454915,5.68008502581574,1.34627800621198e-08,8.47910780071006e-08,"UP"
"HCK",1741.82767526717,1.1686114622366,0.0832875052155684,14.0310537482417,1.00644926616184e-44,5.12413952467614e-43,"UP"
"SAMHD1",5650.800509757,1.01939497241884,0.054120483956635,18.8356588465773,3.85302301983092e-79,5.86912514630505e-77,"UP"
"PPP1R16B",824.579256558146,1.33082587947418,0.0791953665794542,16.804340164762,2.26822522447682e-63,2.06298387406785e-61,"UP"
"GUCY2F",1.37247446965835,1.29562278567514,0.247763208032647,5.22927837414997,1.70172965836155e-07,8.83447128818563e-07,"UP"
"NA.2",NA,NA,NA,NA,NA,NA,NA
"TLR8",371.656087171129,1.75679265732175,0.0923188288908564,19.0296246001854,9.6944674607968e-81,1.59329423110078e-78,"UP"
"CD40LG",91.0571023881889,1.5423207047156,0.0954523340115632,16.1580198188633,9.97135191134209e-59,7.81687236028893e-57,"UP"
"KLHL4",79.3322278197828,1.35775094260089,0.121308254432201,11.1925684608687,4.43400294227469e-29,1.39857708967102e-27,"UP"
"RUBCNL",250.629898948982,1.03051163451304,0.0753613960346095,13.6742641290746,1.44663324814926e-42,6.93200013742315e-41,"UP"
"TNFSF13B",958.037307970988,1.4396820262679,0.0698888867916484,20.5995844598277,2.76807924524291e-94,7.10448393683167e-92,"UP"
"SGCG",18.0369690593251,1.04511964332083,0.132846323055337,7.86713263328701,3.62861882705862e-15,5.58634366012903e-14,"UP"
"ACOD1",7.04244037621178,1.8667875806423,0.174644890017699,10.6890478184223,1.14540834456833e-26,3.2814022544086e-25,"UP"
"CORO1A",3413.23629407978,1.24337502244371,0.0611555322328197,20.3313580480367,6.78970859034429e-92,1.59014975185863e-89,"UP"
"CCL17",175.344039581054,1.61945980116866,0.153591568643861,10.5439368545272,5.4182172856296e-26,1.52197479855407e-24,"UP"
"MEFV",66.1568634433792,1.12365894972322,0.0874847123245764,12.8440606348952,9.28723988113809e-38,3.84118601353208e-36,"UP"
"NA.3",NA,NA,NA,NA,NA,NA,NA
"IL21R",323.120728711368,1.58134635796707,0.0754950677566423,20.9463532513743,2.02561727141192e-97,6.12128470922156e-95,"UP"
"MAP4K1",482.127545526655,1.28447004424065,0.0718157595453416,17.8856291762769,1.52620647135819e-71,1.70208359805756e-69,"UP"
"CD37",1555.31900329477,1.45299982849072,0.0681340777192467,21.3255961939919,6.57110214573528e-101,2.56492020421867e-98,"UP"
"FCER2",60.8451701424526,2.11713087185631,0.148610671711497,14.2461563996317,4.73642067580774e-46,2.48575848128666e-44,"UP"
"CLEC4M",5.40017275883581,1.32223042963685,0.190222826242376,6.95095565424992,3.6281991902624e-12,3.97299474159885e-11,"UP"
"IL4I1",902.248296885799,1.37270681476599,0.0974602871469838,14.0847811447113,4.71116025841676e-45,2.41830955073141e-43,"UP"
"LILRB1",557.65551889452,1.41357999785006,0.0669260810915371,21.1215115960049,5.04544392104833e-99,1.71875340554112e-96,"UP"
"LILRA1",60.716181742747,1.17905794939249,0.0738843698421259,15.9581512559675,2.50028444250248e-57,1.86634778146321e-55,"UP"
"RASAL3",776.001946990086,1.37109792364394,0.0684049084252258,20.0438529223776,2.28385692296033e-89,4.91843026535456e-87,"UP"
"CLC",17.1649899568947,2.61698977248398,0.227306777663774,11.513030096951,1.13421855700851e-30,3.77455042346563e-29,"UP"
"EBI3",138.946086131156,1.24000437394375,0.083303616995592,14.8853605481424,4.10268818544236e-50,2.41723163026566e-48,"UP"
"SIGLEC8",118.328850125152,1.36139800786656,0.109426754394215,12.4411805449521,1.56178399561386e-35,5.95920300425013e-34,"UP"
"CD79A",1585.2792977636,1.32332854179828,0.12650784460692,10.4604465115193,1.31235752438979e-25,3.65897776442964e-24,"UP"
"NA.4",NA,NA,NA,NA,NA,NA,NA
"NKG7",583.491638129312,1.87573351285512,0.0943442110696641,19.8818082380282,5.8487517417865e-88,1.19111100689252e-85,"UP"
"CD33",282.758609617805,1.33046610356238,0.074998689228648,17.7398580861353,2.06455761612859e-70,2.17312087054973e-68,"UP"
"SIGLEC6",86.8458539947981,1.1278221851295,0.113048343528145,9.97645918490356,1.93239864139747e-23,5.0007487493402e-22,"UP"
"LILRB5",368.508974612924,1.36081899374094,0.101455846175201,13.4129184767824,5.07996756201411e-41,2.33853248751588e-39,"UP"
"HAMP",90.9955596383344,1.12708020878177,0.126978588379075,8.87614379061334,6.92183483130543e-19,1.45389571075492e-17,"UP"
"PIK3CG",714.839559821654,1.26763290523645,0.0671978652792917,18.8641841518007,2.24712897660606e-79,3.47952136410671e-77,"UP"
"TFEC",530.018354040576,1.6079184555855,0.078123086404945,20.5818603639259,3.99068291308813e-94,1.01039777107594e-91,"UP"
"EPHB6",353.104707445348,1.03002624511044,0.128138554862211,8.03837881750768,9.10348271215732e-16,1.48315523560852e-14,"UP"
"GIMAP2",592.252232566795,1.08583148507581,0.0696895081589166,15.5809893592552,9.80257321752289e-55,6.67858224740032e-53,"UP"
"TNFSF8",164.36670246698,1.31196910474218,0.0766585601056187,17.1144501401353,1.15804046895907e-65,1.13005449095923e-63,"UP"
"DOCK8",2338.15975999876,1.11215840220141,0.0652623036634497,17.0413598627576,4.05199398999478e-65,3.89323894341242e-63,"UP"
"PTGDS",94.8841494594937,1.27132885148569,0.106923665039493,11.890060549422,1.33309906169917e-32,4.68610581988663e-31,"UP"
"P2RX1",188.336068103536,1.04270258447783,0.0917644811638932,11.3628124003179,6.40489199328551e-30,2.07257437627284e-28,"UP"
"SLC6A4",119.807640737486,1.49194720508976,0.192038398272761,7.769004628807,7.91052777816222e-15,1.18854569728667e-13,"UP"
"CCL8",233.548034293266,1.42342783644565,0.129616279038084,10.9818600488246,4.67203535638646e-28,1.4050602638404e-26,"UP"
"ABI3",720.428792804073,1.15843746993884,0.0543072897946034,21.3311596715688,5.83434441878174e-101,2.32579312830414e-98,"UP"
"IL2",3.85903699371967,1.27682078573455,0.134183143155894,9.51550810112663,1.80827031598961e-21,4.28857628359256e-20,"UP"
"CRTAM",109.904908665475,1.80480113453006,0.0798202585551227,22.6108154395879,3.39214295795307e-113,2.88887229364585e-110,"UP"
"LPXN",1181.52287108889,1.1606117230705,0.0480196234892081,24.1695298450504,4.65434810430351e-129,1.09004832602788e-125,"UP"
"MS4A6A",2704.08961967473,1.47168832045695,0.0735655719796501,20.0051230603366,4.96958283852534e-89,1.04618094452372e-86,"UP"
"MS4A4A",1134.71318800016,1.31162310501186,0.0818883573749792,16.0172110792959,9.6899981787416e-58,7.29123718381135e-56,"UP"
"APOA4",0.999725728378327,1.840554954378,0.540198504428185,3.40718261766806,0.00065637195232865,0.00162218505458773,"UP"
"IL10RA",2044.85477530673,1.39675175599478,0.0590546576432975,23.6518474873133,1.1297647164521e-123,1.62825167134204e-120,"UP"
"SLC15A3",2173.33047121106,1.12212586872449,0.0675217844072546,16.6187235508534,5.10070926814546e-62,4.40400409437665e-60,"UP"
"CD5",547.626360532834,1.41472137742868,0.0814479882804144,17.3696294690298,1.40127873712274e-67,1.42686730536585e-65,"UP"
"C11orf21",100.429289941057,1.42703238736415,0.0977682826246832,14.5960668332725,2.97521860974281e-48,1.66897293030363e-46,"UP"
"CD69",563.724574912105,1.51813841384363,0.0938785447583073,16.1713032275065,8.03798785261303e-59,6.32772018514949e-57,"UP"
"SELPLG",1868.08130013181,1.25129600551556,0.0626056472605003,19.9869510223087,7.15355144038224e-89,1.4892104420778e-86,"UP"
"BIN2",711.180438427575,1.29703860837944,0.0625130001941727,20.7483020227902,1.26997862388717e-95,3.55139096972389e-93,"UP"
"MYL2",1.86835970567647,1.17545593669038,0.175472901717299,6.69878895935817,2.10153831456336e-11,2.0877212015726e-10,"UP"
"CUX2",10.4300804249824,1.25734322416246,0.117248345805707,10.7237608814201,7.87352753469563e-27,2.27651870200706e-25,"UP"
"KCNA1",6.70016829330192,1.24263339050936,0.239579567971079,5.18672523301054,2.14024140106218e-07,1.0926311414251e-06,"UP"
"ART4",53.9065518726933,1.02318253192565,0.122553525185546,8.34886251029129,6.89235124910194e-17,1.25373876702111e-15,"UP"
"IL26",5.34023929223432,1.54953932849761,0.150255758233047,10.3126785070977,6.17557214252268e-25,1.68666938283243e-23,"UP"
"IFNG",45.3551182569229,2.24227104189882,0.139011391849424,16.1301243881338,1.56704521690153e-58,1.20823700345132e-56,"UP"
"CLEC4A",11.5879589137741,1.53141334391635,0.105298337429465,14.5435662262206,6.41610951674609e-48,3.54608341904881e-46,"UP"
"AICDA",11.0163412989601,1.38777622031592,0.158448386780202,8.75853802311681,1.9779900181014e-18,4.02384592607469e-17,"UP"
"NA.5",NA,NA,NA,NA,NA,NA,NA
"KLRB1",187.910617584895,1.47371668469758,0.0816824504731636,18.0420234231558,9.11447080427632e-73,1.05412793203038e-70,"UP"
"IL17A",3.30723322742963,1.5365299986787,0.25661430224473,5.98770210872083,2.12826397898981e-09,1.53012869955307e-08,"UP"
"IL17F",0.695483348477098,1.39246182894906,0.255405698312598,5.45196069683923,4.9817468042512e-08,2.85350070695355e-07,"UP"
"CCR6",5.39480220329094,1.42690745981606,0.12001098994326,11.8898065959684,1.33715859305168e-32,4.69157367030266e-31,"UP"
"LY86",481.064048741358,1.36909077015388,0.0798888661034435,17.1374415100738,7.80084434499752e-66,7.69245366567755e-64,"UP"
"C7",4334.87762494861,1.18942318943599,0.143909141599547,8.26509821555168,1.39579778186228e-16,2.4694681058519e-15,"UP"
"GZMK",93.678932968525,2.06740248643739,0.0974904320813061,21.2062090843253,8.3692192676363e-100,3.01549408073911e-97,"UP"
"ITK",464.826231606572,1.6678190596563,0.0795668577778682,20.9612281574881,1.48213277782388e-97,4.62820662088469e-95,"UP"
"CDX1",19.6918031091278,1.05351005037253,0.106792944006739,9.8649780673342,5.90473523536438e-23,1.4909854362505e-21,"UP"
"CD86",963.117211076133,1.28716519525722,0.065587927807329,19.6250322016331,9.45171757467487e-86,1.75334040078325e-83,"UP"
"ZAP70",503.811826098591,1.59927607115212,0.0874139554468824,18.2954319247563,8.99850995642424e-75,1.12397388362376e-72,"UP"
"CYTIP",1045.12902338533,1.26831324196468,0.069750938035044,18.1834578529604,6.97911132921505e-74,8.27598923190969e-72,"UP"
"GNLY",720.242356928234,1.25924585629658,0.123888610903336,10.1643391358961,2.86055285091126e-24,7.66742749852265e-23,"UP"
"IL18RAP",79.019755992178,1.38983332224174,0.0913878971727261,15.2080676461447,3.12635806317726e-52,1.99916193418735e-50,"UP"
"WIPF1",3324.24336267083,1.09045348477924,0.0512765620113708,21.2661192951552,2.33845103886782e-100,8.59082718906423e-98,"UP"
"PLEK",1977.62867055179,1.63870416873958,0.0665059858779201,24.6399500301766,4.71633907765033e-134,1.76730657917713e-130,"UP"
"TNR",25.4814032024772,1.2356505418171,0.154506550674394,7.99739905152044,1.27074881089782e-15,2.05247842422255e-14,"UP"
"PRG4",320.543565810898,1.10167817523088,0.166531012382184,6.61545353908351,3.70414312826767e-11,3.54447526308596e-10,"UP"
"NCF2",2086.27277875227,1.07361106306997,0.0751471451911277,14.2867844192799,2.64545427585625e-46,1.3922817784394e-44,"UP"
"AMPD1",56.0787763726892,1.02519198584146,0.138561235943461,7.39883690312765,1.37382460373072e-13,1.80631422985956e-12,"UP"
"CD2",1036.19123547579,1.68334142275858,0.0706684056360862,23.8202830190779,2.05877585987268e-125,3.5066567736886e-122,"UP"
"SLAMF1",250.246578083829,1.51644354626819,0.0735801149198137,20.6094207371215,2.25919126835642e-94,5.87891772276749e-92,"UP"
"CD48",442.422488268802,1.80412544896209,0.0816260662762881,22.1023201443456,3.0023687591375e-108,1.93973727831725e-105,"UP"
"PLA2G2D",522.700036448303,2.23807703233893,0.135487530850069,16.5186937742307,2.69164577867651e-61,2.29230342314923e-59,"UP"
"GBP1",4067.68629994771,1.42299055059157,0.0886985385309702,16.042998838078,6.39884390147707e-58,4.83422336040622e-56,"UP"
"CR2",624.383718238163,1.28734034966146,0.157075753192095,8.19566561674938,2.49210232625135e-16,4.2994502011644e-15,"UP"
"FASLG",84.1384506205637,1.74259005610855,0.101781688451039,17.1208601726704,1.03731188778104e-65,1.01754322143799e-63,"UP"
"HSD11B1",360.991752719371,1.49314913222586,0.0927781904223964,16.0937514024354,2.82207253671508e-58,2.14936386373552e-56,"UP"
"A4GNT",7.16455079474889,1.24639450567582,0.173323014671781,7.1911656281544,6.42404943611223e-13,7.74523746685964e-12,"UP"
"ADGB",40.0135288161566,1.00404603596683,0.218486112158848,4.59546845355939,4.31778117138722e-06,1.68895862032344e-05,"UP"
"RARRES1",1849.88163249702,1.44324545092018,0.128458848638538,11.2350800759645,2.74245092049258e-29,8.67948656188328e-28,"UP"
"CD274",801.204993280671,1.21424553830007,0.114437257913968,10.6105787610965,2.66095642508444e-26,7.53106942301843e-25,"UP"
"CXorf21",198.516185317281,1.10833944237224,0.0737696863891484,15.024320918562,5.08800868266257e-51,3.06523892856482e-49,"UP"
"GPR31",6.22941213608357,1.68814971096611,0.128278220706636,13.1600649094346,1.48957847881519e-39,6.50553435409823e-38,"UP"
"ADRA1A",14.1300144636219,1.54118547751925,0.187433566686107,8.22256922688908,1.99189256457987e-16,3.46841069609372e-15,"UP"
"TNFRSF8",85.4319657855409,1.09981249878097,0.0820781139278135,13.3995829844268,6.080383556963e-41,2.79220750792301e-39,"UP"
"PRB2",0.702890863791717,1.8374550738735,0.405552074306201,4.53075003257455,5.87746482137633e-06,2.23867007304954e-05,"UP"
"CD80",101.97794575685,1.32022321929177,0.0783385217775098,16.8527971850343,1.0006761546166e-63,9.23579725758458e-62,"UP"
"CCR2",385.978826789197,1.47537326928803,0.0830261332031711,17.7699865375843,1.20719725040233e-70,1.28511634565557e-68,"UP"
"CXCR4",4324.55892477068,1.0621581137832,0.0702665145146633,15.1161349203047,1.26768028053135e-51,7.85589922744648e-50,"UP"
"FLT3",60.7429594315441,1.14814555638121,0.0890176020679854,12.8979609617471,4.6216467118875e-38,1.91998165840187e-36,"UP"
"SASH3",1142.90019492701,1.51379582473344,0.05958117534712,25.4072836917712,2.09526597533974e-142,3.92569033139654e-138,"UP"
"LAX1",322.126431193229,1.28006429028011,0.107662593785179,11.8895917818425,1.3406020515229e-32,4.69486355838001e-31,"UP"
"CD244",100.13150735127,1.42677030909754,0.0807860254871725,17.6611029010716,8.35902641926578e-70,8.74942564197563e-68,"UP"
"LY9",277.215114679535,1.20177202873188,0.0852099142249803,14.1036643407342,3.60551142065903e-45,1.85584785652384e-43,"UP"
"ARHGAP9",662.248474699811,1.38771644270323,0.0631915054944003,21.960490288148,6.87532483334626e-107,3.59291093513731e-104,"UP"
"NCKAP1L",2347.61757531309,1.46239965216373,0.0632743455308553,23.1120470689121,3.50318435381039e-118,4.10222887831196e-115,"UP"
"DBH",31.5929356379346,1.05539439113888,0.109246877590053,9.66063666459398,4.43101536181408e-22,1.08243105593158e-20,"UP"
"IL13RA2",88.4380780561253,1.30068911036036,0.172346712344961,7.54693311327553,4.45627298782731e-14,6.20763797025521e-13,"UP"
"GTSF1L",2.9451209065978,1.1292053756129,0.146603540262237,7.70244274860644,1.33489431872954e-14,1.95854189159879e-13,"UP"
"ZNF831",149.217916572887,1.65935843382929,0.0910619929074196,18.2222942947923,3.43448094994798e-74,4.15151194053066e-72,"UP"
"NA.6",NA,NA,NA,NA,NA,NA,NA
"ZBP1",294.423784494544,1.04580534043763,0.0977749041887363,10.696050782304,1.06208899299702e-26,3.05203978110311e-25,"UP"
"IL9R",18.8049566719869,1.47584135485627,0.0897725513126972,16.4397840239116,9.9272078657843e-61,8.30340029345244e-59,"UP"
"CEACAM8",20.4938995616579,1.12026947902648,0.221103599143864,5.06671751778025,4.0473420886258e-07,1.95743421199001e-06,"UP"
"F13A1",2885.5815071534,1.36159399507037,0.120615944970449,11.2886732795068,1.49272810422073e-29,4.76452363895733e-28,"UP"
"BTN1A1",9.24426476345195,1.21521139532507,0.127521182054846,9.52948659778277,1.58062975026283e-21,3.75820799504117e-20,"UP"
"CXCL6",262.209864089902,1.04517052150297,0.197043917569308,5.30425163281351,1.13136162429937e-07,6.06500469037855e-07,"UP"
"EREG",1643.77242926852,1.33379240920177,0.237577146884504,5.61414440190318,1.97537204236762e-08,1.21346456024487e-07,"UP"
"GPR18",54.6510602678552,1.60637410932126,0.0862305127374935,18.6288363402344,1.87557878060566e-77,2.64216872431787e-75,"UP"
"IL1B",404.312625484491,1.18074533248791,0.106300503470315,11.107617498892,1.15191962449327e-28,3.56144654859832e-27,"UP"
"NA.7",NA,NA,NA,NA,NA,NA,NA
"CD70",61.107779877869,1.37671595221802,0.121188181222799,11.3601502912812,6.60309439748114e-30,2.13302718329667e-28,"UP"
"SIRPD",3.2312899970025,1.31615061286492,0.120705429607647,10.9038227786693,1.10514456340208e-27,3.30766590094272e-26,"UP"
"NA.8",NA,NA,NA,NA,NA,NA,NA
"HCST",48.8898590281888,1.36560766341157,0.0807826769087971,16.9047092231585,4.15368617068695e-64,3.89117320469954e-62,"UP"
"CCR7",402.97970020524,1.54710925335075,0.0915718173728451,16.895037116622,4.89405854035299e-64,4.56194431900764e-62,"UP"
"CFP",21.2099403078053,1.02596454804105,0.0896426335508728,11.4450513935292,2.48956892222401e-30,8.15464393824985e-29,"UP"
"EVI2A",403.921619064124,1.3792507901863,0.0771797642358774,17.8706271500263,1.99736204228091e-71,2.21435356356065e-69,"UP"
"OMG",174.618615096733,1.02054945223173,0.155432143949539,6.56588416204982,5.17250157839459e-11,4.87484857006042e-10,"UP"
"FAM78A",572.080728594038,1.21513891342608,0.0575169907129461,21.1266079529535,4.52940101463708e-99,1.57153439648593e-96,"UP"
"IL22",0.796072143743053,1.00943339365689,0.242041956141556,4.17048932238233,3.03946297137393e-05,0.000100898969226899,"UP"
"TRPV5",2.08455954944451,1.13058070836081,0.142566289537732,7.93021065517449,2.18774464675049e-15,3.46488450562276e-14,"UP"
"FGL2",2107.88351185594,1.4271560797719,0.0801693874420715,17.8017585677966,6.848419662932e-71,7.41687808119618e-69,"UP"
"VPREB3",90.2949136579073,1.36494968484995,0.123220486277233,11.0772950674692,1.61683561592669e-28,4.95794306055686e-27,"UP"
"APOL3",1766.66214229626,1.24028240479751,0.0681273367785902,18.2053557858625,4.68003366395072e-74,5.58503889985864e-72,"UP"
"IGLL1",15.1933383903518,1.21763322481039,0.181120780120738,6.72276932552243,1.78302744947161e-11,1.78741585303906e-10,"UP"
"RAC2",3502.79271301776,1.12558408568862,0.0651867516241376,17.2670681947562,8.32664332462082e-67,8.34267322620832e-65,"UP"
"APOBEC3A",87.6275431495099,1.02287497780417,0.126568813497653,8.08157198868852,6.39371661459894e-16,1.06199179513409e-14,"UP"
"ACKR4",53.9782470581524,1.00937988728327,0.117204149979587,8.61215142517623,7.17020473572197e-18,1.40230642931615e-16,"UP"
"SIGLEC9",252.42923203621,1.25577537598309,0.0739751553343748,16.9756368919654,1.24397378125282e-64,1.17712589725015e-62,"UP"
"ARHGEF6",1196.53395113467,1.09632414825702,0.0581430262001098,18.8556430565519,2.64108038059461e-79,4.0560067221984e-77,"UP"
"NA.9",NA,NA,NA,NA,NA,NA,NA
"APOE",15268.3342437529,1.05525162448623,0.0981594214659289,10.7503855333185,5.90144313269496e-27,1.71160121569927e-25,"UP"
"APOC1",1953.28698892114,1.28274338034777,0.101335935518582,12.658326720757,1.00621188560145e-36,4.0369134665158e-35,"UP"
"KLHDC7B",381.876244008072,1.03182942276081,0.125813447769526,8.2012649764673,2.37870562744305e-16,4.11138640551411e-15,"UP"
"LSP1",2572.17968075037,1.00673404637869,0.0744356624661025,13.5248886491358,1.11512372686295e-41,5.21021400162199e-40,"UP"
"GMFG",1093.9091390351,1.28833958518019,0.0590825375632317,21.8057591687117,2.04584455308103e-105,1.03597144720341e-102,"UP"
"LILRB2",626.504991675984,1.40084458993125,0.0746620194074843,18.7624792504718,1.53089454121215e-78,2.25849134835833e-76,"UP"
"CCL25",12.845857558236,1.20325953574177,0.160318070620444,7.50545170039194,6.12171398024442e-14,8.39037550357421e-13,"UP"
"NA.10",NA,NA,NA,NA,NA,NA,NA
"IDO1",1992.28902360693,1.19468794845841,0.1403437391767,8.51258456890787,1.70098618619844e-17,3.2420831317003e-16,"UP"
"G6PC",4.60200807440617,1.80312045228742,0.374376099500784,4.81633430844493,1.46219472078726e-06,6.27334103244104e-06,"UP"
"FCRLA",224.282137610064,1.70402881723208,0.131299497763718,12.978182295096,1.62696001159375e-38,6.85005006229674e-37,"UP"
"JCHAIN",24288.4701551,1.35451939936599,0.129637975662421,10.44847694084,1.4889712537559e-25,4.13907498670187e-24,"UP"
"CLEC10A",433.934142330039,1.86236734663172,0.0879756695279886,21.1691181962443,1.83967264611868e-99,6.50341635805277e-97,"UP"
"ATP1A4",9.30152823111849,1.0422942781504,0.134048915210692,7.77547715706743,7.51635422993732e-15,1.13295585560825e-13,"UP"
"ALOX5AP",2014.50088137575,1.23125542737863,0.0898022079609181,13.7107478238673,8.75507939768647e-43,4.23863482157761e-41,"UP"
"CHI3L1",8747.9212163579,1.06217668414057,0.143132369051885,7.42093972996096,1.16292230915939e-13,1.54418939648549e-12,"UP"
"MYBPH",168.356877379496,1.05888785239194,0.208216639518288,5.0855102399198,3.66639048733433e-07,1.78703153409719e-06,"UP"
"CHIT1",4035.40010936921,1.61316721705834,0.166453019894217,9.69142655437269,3.27916014737331e-22,8.05220766988026e-21,"UP"
"RXFP2",4.75833639104239,1.18282899597781,0.26160123203148,4.52149627428158,6.14040409331354e-06,2.32699456092885e-05,"UP"
"PRAM1",271.65199428696,1.21210492881676,0.0878930429472946,13.7906811298319,2.90008731115275e-43,1.4186954533096e-41,"UP"
"GIMAP6",1083.15034647827,1.22660585090855,0.0618101160562319,19.8447427245184,1.22353274283494e-87,2.46495800750058e-85,"UP"
"GIMAP4",1482.99718468648,1.32629905245287,0.0534735952627841,24.8028778677601,8.34637542550812e-136,4.42653515032143e-132,"UP"
"ADAMDEC1",627.415152202425,1.7020213950438,0.136807187336913,12.4410232252802,1.56486329957892e-35,5.95920300425013e-34,"UP"
"CD180",482.856726290338,1.23118202496286,0.0761142120168582,16.1754551789904,7.51403729220575e-59,5.94021108467371e-57,"UP"
"PTPN22",515.543507585992,1.14715127853305,0.0882126303719015,13.0043880756838,1.15519888492136e-38,4.89678875744039e-37,"UP"
"CD101",161.906164035033,1.04806986070584,0.0760775560525653,13.7763345076659,3.53784504481053e-43,1.72168999375507e-41,"UP"
"SAA2",193.685823749202,1.01967470007725,0.190288495339796,5.35857250989569,8.38820708107542e-08,4.61019207600555e-07,"UP"
"IL2RA",476.576516111118,1.52864904954283,0.090575635175632,16.8770447657218,6.63859052721471e-64,6.15745703553934e-62,"UP"
"DOCK2",1733.72413466785,1.39427876415999,0.0668481282690523,20.8574091790312,1.30554931212949e-96,3.76319567877817e-94,"UP"
"KLRD1",239.167563915068,1.68386047897976,0.0923370691561339,18.2360182575483,2.67230435041803e-74,3.25118794217093e-72,"UP"
"KLRC1",42.6067145911141,1.34508930322994,0.1273146152821,10.565081630648,4.32592147924468e-26,1.22063953064952e-24,"UP"
"RAB33A",53.5189060183374,1.11977253098855,0.0687586010646769,16.2855630226573,1.24973693413358e-59,1.0136394457977e-57,"UP"
"ADAMTS8",238.930582870607,1.25750247014588,0.143673420495557,8.75250596671615,2.08666485784632e-18,4.23114207539055e-17,"UP"
"HAVCR2",1250.22201631657,1.40671263046751,0.0674990607739585,20.8404771020196,1.85976145353072e-96,5.27946827171992e-94,"UP"
"TESPA1",203.482557626077,1.45871206536538,0.0728390417968667,20.0265136577912,3.23530165953176e-89,6.88825135147581e-87,"UP"
"AGAP2",263.218864294035,1.10628828065425,0.0644447416670754,17.1664631129935,4.73401704032244e-66,4.69293879722123e-64,"UP"
"KRT85",1.6300155721845,1.08328274893062,0.212613739584384,5.09507405799934,3.48604954524058e-07,1.70801841735428e-06,"UP"
"STX11",486.096781018069,1.25885374942644,0.0674059994218343,18.6756929683424,7.80701182323695e-78,1.10812252666794e-75,"UP"
"GPR55",30.4529167746789,1.09687262477206,0.0875593795031491,12.5271859051104,5.30104355054743e-36,2.06058821500118e-34,"UP"
"LCP1",9415.96943675943,1.27718933794349,0.0676020538472416,18.8927593949958,1.30825109634604e-79,2.07723665602876e-77,"UP"
"GPNMB",14480.5009254838,1.07060634732059,0.0945680770432552,11.321012130033,1.03272636247731e-29,3.30754891066236e-28,"UP"
"AOAH",598.243283475326,1.58913500695239,0.0721457562174159,22.0267288094317,1.59698156133718e-107,9.35032704162918e-105,"UP"
"NA.11",NA,NA,NA,NA,NA,NA,NA
"BLK",147.754224032285,1.59937247286054,0.136520524008635,11.7152529590303,1.06472971122729e-31,3.62705015810081e-30,"UP"
"IL10",37.978148481255,1.31089516507019,0.0903206479314333,14.5137927494204,9.90868415073127e-48,5.44425531519358e-46,"UP"
"SLC31A2",17.79576476384,1.01420369591136,0.0768339289591742,13.1999457746103,8.77982318314398e-40,3.87055922727966e-38,"UP"
"TLR4",1053.87398439507,1.23746981181882,0.070921015642103,17.4485630333273,3.53002046130079e-68,3.63398150345778e-66,"UP"
"WDR38",137.89440424035,1.02655489564228,0.203115668611616,5.05404089531463,4.32558923791026e-07,2.07539666994844e-06,"UP"
"HEMGN",2.26265703100821,1.30150324850424,0.155441873291354,8.37292565346763,5.62050677621281e-17,1.03139877530973e-15,"UP"
"CCL21",2310.60294612219,1.16165390852173,0.121406463673745,9.56830364191677,1.08674067306349e-21,2.60373059469535e-20,"UP"
"SIT1",210.054017024699,1.70421129295169,0.0813209443369598,20.9566097251669,1.63313067067328e-97,5.01612069602207e-95,"UP"
"CD72",286.493968884874,1.2467125125394,0.0698987373711653,17.8359804400945,3.71476051728696e-71,4.07016099718646e-69,"UP"
"IRF4",713.09505994486,1.36324500551123,0.111310838449871,12.2471901613172,1.73917790159144e-34,6.45252221073607e-33,"UP"
"SLCO2B1",4185.00084732312,1.30508818129421,0.0810103658854565,16.1101380919513,2.16539762923198e-58,1.66274139267583e-56,"UP"
"IL18BP",1162.16651594568,1.00763928704876,0.0633450042639272,15.9071626682733,5.65174138277299e-57,4.05137117690488e-55,"UP"
"CASP1",1257.55319198911,1.09353633382173,0.0661934058115824,16.5203213282974,2.61998505744777e-61,2.24146301535806e-59,"UP"
"CASP5",24.8102564869542,1.34162672231869,0.102621883872107,13.0734953569036,4.66707396623992e-39,2.01016776624072e-37,"UP"
"DNASE2B",30.5128287064032,1.48782422730872,0.14735200577652,10.0970748207202,5.69145623955453e-24,1.4976843273075e-22,"UP"
"FGF5",10.701290955795,1.01519403931514,0.246574599500586,4.1171882317616,3.83522826199494e-05,0.000124513666118068,"UP"
"IL21",16.2497031633762,1.88049148469296,0.139339661785864,13.4957373987522,1.65689035740095e-41,7.68403409313471e-40,"UP"
"CXCL9",5026.67130740374,2.15030040269633,0.129072329543988,16.6596543991523,2.57508110859744e-62,2.26510420895219e-60,"UP"
"PARVG",835.092309980047,1.2085771100443,0.0668517458833438,18.0784674218271,4.70991595075047e-73,5.54999907253212e-71,"UP"
"CD27",260.046509256592,1.39836695844068,0.0923307323146918,15.1451951412517,8.15123222462262e-52,5.10774203881369e-50,"UP"
"GLIPR1",931.436890876418,1.04223034800858,0.0696319983457698,14.9676926236297,1.19392130227486e-50,7.10136810140376e-49,"UP"
"PTPRQ",21.2485430132297,1.18853872600785,0.173817485322718,6.83785479810129,8.03878123342537e-12,8.38144714465542e-11,"UP"
"GPR84",158.85106472028,1.4325185931278,0.0988871990264286,14.486390627213,1.47702802536542e-47,8.04465031489724e-46,"UP"
"NA.12",NA,NA,NA,NA,NA,NA,NA
"ITGB7",282.023749955068,1.18466149235267,0.0731219830603387,16.2011674570576,4.94787465090384e-59,3.94482465784401e-57,"UP"
"RTN1",337.441413119132,1.20757190780165,0.0932996928422766,12.9429355125858,2.57595242052245e-38,1.07730010158278e-36,"UP"
"GPR65",246.721118096612,1.44488664996755,0.0640085585212197,22.5733352437323,7.92379161966098e-113,6.185839991082e-110,"UP"
"HDC",146.261543985143,1.02901167802967,0.12206822376805,8.42980790795293,3.46233095717505e-17,6.4419297729525e-16,"UP"
"PSTPIP1",420.006381309025,1.43324551272127,0.0651637310418946,21.9945280880221,3.24894530668195e-107,1.8446133110907e-104,"UP"
"BCL2A1",504.950382562194,1.3145651095985,0.0856026283339996,15.3565975155506,3.19930427055759e-53,2.08857717119049e-51,"UP"
"HAPLN3",928.737726135412,1.08392637409682,0.0764073758821587,14.186148412799,1.11623303597875e-45,5.82555491980442e-44,"UP"
"ITGAX",2256.07642639754,1.24250097343808,0.0759778253053046,16.3534685080192,4.10909661423542e-60,3.37666816510153e-58,"UP"
"IGSF6",1188.32538844029,1.5201060073604,0.0740467298930259,20.5290093101541,1.18567566236613e-93,2.92300252764365e-91,"UP"
"IRF8",1297.08693417466,1.46396667484238,0.068339634295359,21.4219272598858,8.34633023974848e-102,3.3994965950419e-99,"UP"
"PIK3R5",711.356255189399,1.18577614183638,0.0668300518376837,17.7431575949752,1.94681148540042e-70,2.06076045143855e-68,"UP"
"MYO1F",1702.15931642029,1.2399786636612,0.0573394717861583,21.6252195047343,1.04021421747665e-103,4.75352526308352e-101,"UP"
"SIGLEC10",445.398523951227,1.49401968690561,0.0827953984400082,18.0447188497818,8.68051000890558e-73,1.01017413370717e-70,"UP"
"NA.13",NA,NA,NA,NA,NA,NA,NA
"NA.14",NA,NA,NA,NA,NA,NA,NA
"NA.15",NA,NA,NA,NA,NA,NA,NA
"FCN3",501.76216505409,1.03922508923139,0.138658284297565,7.4948647640929,6.63667542463385e-14,9.05642758601165e-13,"UP"
"C1orf162",978.220617621143,1.22142631265446,0.0659921505763475,18.5086605298819,1.75818415404145e-76,2.35295273643719e-74,"UP"
"CD53",3385.21342553004,1.45120582221925,0.0585213733243474,24.7978770794752,9.45033123467427e-136,4.42653515032143e-132,"UP"
"XCL2",37.095654804266,1.73318803666219,0.108023491395268,16.0445474801429,6.24121878516652e-58,4.7342297635174e-56,"UP"
"FCRL5",721.902537707086,1.07634479959943,0.130646791163691,8.23858580844015,1.74258064164359e-16,3.0513075609191e-15,"UP"
"PTPN7",839.008048526536,1.44672609777157,0.0629828397882041,22.9701630259378,9.26632924138994e-117,9.13757603508852e-114,"UP"
"NA.16",NA,NA,NA,NA,NA,NA,NA
"NA.17",NA,NA,NA,NA,NA,NA,NA
"MARCHF1",845.830987265831,1.11172278579995,0.0599715851801288,18.5374920883084,1.02910018260167e-76,1.41773683979595e-74,"UP"
"GZMA",578.485727528859,1.79368882426498,0.0968048143514627,18.5289216892949,1.20681127340438e-76,1.65042452689814e-74,"UP"
"TIMD4",43.192576962403,1.42196351244622,0.124052593595848,11.4625859180248,2.03351111988258e-30,6.68418672668772e-29,"UP"
"PLA2G7",807.954798646839,1.068206982518,0.0887226666440037,12.0398430629249,2.19372580005332e-33,7.85882343973214e-32,"UP"
"FGD2",752.524566577778,1.33394098731342,0.0673745594332749,19.7988825238182,3.04370847298356e-87,6.00283388945473e-85,"UP"
"SCML4",129.510324447796,1.71401064655369,0.0937188590790045,18.28885523573,1.01524815353056e-74,1.25971453010256e-72,"UP"
"GPR174",220.053881051103,1.86006112093215,0.0855182421616803,21.750460181531,6.83903542467548e-105,3.203404192918e-102,"UP"
"IL2RG",658.296032673911,1.29210582871136,0.0845541363314243,15.2814029540404,1.01726881611044e-52,6.57225811677423e-51,"UP"
"NXF3",51.130702596954,1.2007437607464,0.169154584738264,7.09849965109924,1.26118506237141e-12,1.4613211705993e-11,"UP"
"CHRNB3",1.60416554832348,1.04916189705075,0.227877764401258,4.6040555988751,4.14341768128855e-06,1.62748582131284e-05,"UP"
"CHRNA6",12.1409232613062,1.04440287852498,0.104843782438486,9.96151468626908,2.24614161697415e-23,5.78868078894465e-22,"UP"
"DOK2",808.574397742876,1.41196603828663,0.0708911061385696,19.9173932414976,2.87577324192054e-88,5.92093268798057e-86,"UP"
"DNAJC5B",136.85611128918,1.39434314585426,0.0934235843681678,14.924958780851,2.26775679577975e-50,1.34033726579588e-48,"UP"
"ATP6V0D2",113.760607534802,1.17412830773767,0.126463749987878,9.28430722519473,1.6276253453069e-20,3.7053691943706e-19,"UP"
"NTRK2",290.573942961767,1.24146412519823,0.158029751048692,7.8558886346389,3.9694765410635e-15,6.08112121613784e-14,"UP"
"TMEM236",85.8401130231997,1.12870445923967,0.1131946348406,9.97136004572225,2.03423912516882e-23,5.24979397371391e-22,"UP"
"NA.18",NA,NA,NA,NA,NA,NA,NA
"SAA4",5.47232716094348,1.03499854181273,0.221208159843499,4.67884431815255,2.88496381650764e-06,1.17378245528962e-05,"UP"
"SCGB1A1",2150.44387800401,1.65851357682796,0.260813455712016,6.3590031131647,2.03067292336024e-10,1.73018135025364e-09,"UP"
"MS4A3",1.77308700586601,1.36365056102945,0.212712133830007,6.41077937810185,1.44777581119192e-10,1.26814060769013e-09,"UP"
"OCSTAMP",2.19542681333047,1.29645315243629,0.192542776798711,6.7333253108302,1.6582872894744e-11,1.67131095511524e-10,"UP"
"FERMT3",1847.95349644159,1.28929607220869,0.0621850032127647,20.7332315767097,1.73723704641812e-95,4.78659901495438e-93,"UP"
"NA.19",NA,NA,NA,NA,NA,NA,NA
"FCGR1A",303.786241180304,1.45481522347487,0.0791769497672849,18.3742266878281,2.11297755460511e-75,2.69311207231845e-73,"UP"
"CD226",225.994413814048,1.37392855422695,0.0693354616916196,19.8156689334199,2.18090602893939e-87,4.34696333597962e-85,"UP"
"RGS18",114.781455538213,1.39809233745608,0.0826839965295454,16.908862611116,3.87107311185207e-64,3.64464451375178e-62,"UP"
"PTPRO",345.528043061815,1.26572121744484,0.0841489513624142,15.0414377951498,3.92922349899718e-51,2.39019258042894e-49,"UP"
"TDO2",275.69766111267,1.013717918341,0.105431490186001,9.61494442080457,6.91466836558586e-22,1.67165453545312e-20,"UP"
"CYSLTR2",105.92400601178,1.10780653995624,0.0802746554229265,13.8002029920872,2.54136006584188e-43,1.24646393176999e-41,"UP"
"KCNK13",79.7517594944795,1.04908083895353,0.0879005271477562,11.9348640218059,7.78860633383291e-33,2.75334581642818e-31,"UP"
"CAMK4",219.176662898793,1.05093146736287,0.082266329890742,12.774745983668,2.26887211480994e-37,9.26134813574708e-36,"UP"
"CD96",679.49018110684,1.47996629324925,0.0956388448008003,15.4745312569571,5.15473656146586e-54,3.4369802211966e-52,"UP"
"CD8A",932.83226100492,1.83797519909774,0.091301833096857,20.1307590083973,3.96869116208879e-90,8.74792913092888e-88,"UP"
"CIBAR2",166.19600299493,1.1911593871112,0.175347782813017,6.79312488588122,1.09730310473487e-11,1.13148436820652e-10,"UP"
"MCOLN2",273.631268522427,1.14140184184238,0.0820221898349384,13.9157689417868,5.08105288756322e-44,2.54541729682846e-42,"UP"
"GPR15",104.9840778737,1.06163685353445,0.158069419480797,6.7162697061934,1.86435580514798e-11,1.8639578636741e-10,"UP"
"ABI3BP",1317.25743701475,1.31349974142869,0.0995694735206051,13.1917915701028,9.78322432260841e-40,4.3027814767228e-38,"UP"
"GBP5",1626.62464318582,1.85585801775208,0.100107872021968,18.5385822340208,1.00845270511264e-76,1.39958295429558e-74,"UP"
"GPR26",3.15289352638105,1.41392448559813,0.287897438651589,4.91120897851837,9.05165544524067e-07,4.05140507458264e-06,"UP"
"SAMSN1",819.871927224323,1.23678022285104,0.0793179330241688,15.5926935523419,8.16183220150272e-55,5.58102511413704e-53,"UP"
"SLC7A7",1759.94571687304,1.15048487386267,0.064500812008955,17.8367502366163,3.66394687932961e-71,4.03810051359527e-69,"UP"
"GRIA1",81.4165521408158,1.02119331831621,0.180775584513943,5.64895597523264,1.614251856454e-08,1.00347122702462e-07,"UP"
"PIK3AP1",1615.68658837995,1.31307183923184,0.0709571263411175,18.5051439783429,1.87676761002032e-76,2.47627591136202e-74,"UP"
"VSIG4",2464.72534773896,1.45459914578385,0.0994121255043523,14.6320093087655,1.75525803397845e-48,9.90557666404222e-47,"UP"
"OTOA",20.7690627023299,1.03355089873827,0.0934586293551739,11.0589135093179,1.98487237534453e-28,6.05301984884875e-27,"UP"
"SLA",1584.3450528834,1.2409714683634,0.0645220304336708,19.233298456705,1.94833114002199e-82,3.31853929449563e-80,"UP"
"CXCL13",1722.54167337512,1.9156631349809,0.136366374548108,14.047914240802,7.93364034084454e-45,4.0613302028979e-43,"UP"
"MS4A1",683.480726617582,2.02079116088272,0.149625284742677,13.505679634014,1.44771549150737e-41,6.73061971436281e-40,"UP"
"ITGAD",34.1842590025497,1.47900862558529,0.117668103962628,12.5693248703577,3.11371455319253e-36,1.2255999132062e-34,"UP"
"ADGRG4",1.04306240577826,1.49318484517041,0.25491481997978,5.85758350687045,4.69650679136587e-09,3.19744735621478e-08,"UP"
"SUSD3",265.220389714869,1.09255629574263,0.0721938378608001,15.1336502964316,9.71535331279992e-52,6.04740397570164e-50,"UP"
"DUSP2",481.774257355252,1.07322307121311,0.0812028460115691,13.2165696638294,7.04021767319605e-40,3.11833376654849e-38,"UP"
"CD1C",290.152076570653,1.2737505386539,0.129515233951454,9.83475456741513,7.97618513760624e-23,2.00862640777138e-21,"UP"
"CD1B",58.5748908610476,1.57750759842644,0.147284625415557,10.7106060389914,9.07656668101436e-27,2.61628543593054e-25,"UP"
"CD1E",199.303172666266,1.23829518031594,0.145882660605018,8.48829583433955,2.09689225113584e-17,3.96842153709911e-16,"UP"
"NCF1",247.280892724704,1.53992728185891,0.0755555286990602,20.381397739833,2.44570808726807e-92,5.87471624654545e-90,"UP"
"SLAMF8",388.713379819637,1.59334166571181,0.0810781374838691,19.651927327867,5.56587712253926e-86,1.04282273767896e-83,"UP"
"HTR6",10.7709579617159,1.3666855399036,0.117701833538228,11.6114209848712,3.60573068328881e-31,1.21069838856809e-29,"UP"
"ITLN2",40.2434852745405,1.30136527340935,0.227633085551802,5.71694255364824,1.08457761986948e-08,6.94248250286115e-08,"UP"
"FCER1G",2624.72192231281,1.34158006919024,0.0687129708007167,19.5244078891761,6.81017746074507e-85,1.2509361265149e-82,"UP"
"C1QC",9936.64003639723,1.45222097891452,0.0807720034217577,17.9792615930501,2.83239513471068e-72,3.21622759054177e-70,"UP"
"RGL4",41.8475107139073,1.24516585331532,0.0715866892283809,17.3938181348617,9.19028581017975e-68,9.40924562511081e-66,"UP"
"TNFRSF13C",249.921617835268,1.20324810088879,0.118874544695461,10.1219996591477,4.41305911979384e-24,1.16949187649869e-22,"UP"
"UBASH3A",143.822304935325,1.58892892639221,0.0757489823864174,20.976241215844,1.08108430740413e-97,3.43308399720743e-95,"UP"
"GAB3",362.591142327728,1.1304519782606,0.0635842489850516,17.7788052277911,1.03154884571867e-70,1.11075282605661e-68,"UP"
"ITGB2",9977.29770489905,1.26063223034155,0.0791904467231393,15.9189937992002,4.67840046078259e-57,3.42400433723526e-55,"UP"
"S100B",527.265314194705,1.38709750637283,0.132657262137789,10.4562500689338,1.37177736432242e-25,3.81896295660399e-24,"UP"
"JAML",1185.64521116914,1.44630327142958,0.0749196709302781,19.3047200217356,4.90202617072977e-83,8.66456248441442e-81,"UP"
"CD3G",328.540527675909,1.48145969992783,0.0796272201681805,18.6049405818619,2.93016347170355e-77,4.0969808064058e-75,"UP"
"CXCR5",9.71453485485863,1.81837503380193,0.137141151391983,13.2591495356822,3.99399468044558e-40,1.79022689791455e-38,"UP"
"CCR5",669.486008824562,1.62649545926876,0.0666269432318718,24.4119778031586,1.27606454403034e-131,3.98472421615875e-128,"UP"
"FCRL3",183.287680234732,1.91787062772273,0.114320030572804,16.7763306055219,3.6362180543e-63,3.24419911739833e-61,"UP"
"HK3",767.432045819506,1.49311024541389,0.0936453119662295,15.9443138590038,3.12048622901303e-57,2.32005674550746e-55,"UP"
"SCGB3A1",12593.4821238565,1.41646981853495,0.227200594378383,6.23444591952055,4.53379918228663e-10,3.67569283770326e-09,"UP"
"IKZF3",1476.99067211393,1.00288989696536,0.0782960118514516,12.8089525028185,1.46093383731775e-37,6.01583656615064e-36,"UP"
"SIGLEC11",32.440790925653,1.31266934590335,0.105725560856166,12.4158182304577,2.14482790470538e-35,8.1512161506207e-34,"UP"
"CD300LG",32.5996714176004,1.70699722793012,0.199052152962605,8.57562805789296,9.85475360500442e-18,1.90545576412139e-16,"UP"
"TREML1",32.2703720068076,1.14854228428213,0.094878000245915,12.1054647157952,9.88082039707367e-34,3.57388129265584e-32,"UP"
"SCIMP",305.108079207222,1.61038381566786,0.0700252776766808,22.9971785774744,4.97437512846101e-117,5.17777180038031e-114,"UP"
"LAPTM5",7983.83570802945,1.33877918397609,0.0653662221717062,20.4812078700119,3.16706962119011e-93,7.70626187306725e-91,"UP"
"GBP4",2906.66189912715,1.53571412746177,0.0811468882445849,18.9251142056486,7.08358107567274e-80,1.13434166695559e-77,"UP"
"GFI1",210.228727856018,1.22528177232985,0.0793073150599551,15.4497951595455,7.56835894099087e-54,5.01062802538533e-52,"UP"
"CADM3",91.282326628475,1.04925752391331,0.138063814972252,7.59980103493587,2.9658638854354e-14,4.21292083074432e-13,"UP"
"NLRP3",262.506128259231,1.31524861352096,0.079050108308533,16.6381633329019,3.6875619621749e-62,3.21349585689809e-60,"UP"
"SLAMF6",443.246700902184,1.56466651537438,0.0794937411445937,19.6828894054484,3.02268199627558e-86,5.72050200830498e-84,"UP"
"FCMR",621.816455876855,1.365156342327,0.0811647926182544,16.8195629938684,1.75448091898164e-63,1.60350997551414e-61,"UP"
"HPGDS",155.398244849451,1.14929351768772,0.116804038086251,9.83950158331901,7.60868359779471e-23,1.91865808732546e-21,"UP"
"TNFAIP8L2",296.195035792779,1.34248331180224,0.0687681160928009,19.5218858400976,7.15481120781643e-85,1.30148099795775e-82,"UP"
"SPRR2D",116.798762408076,1.47402105093232,0.296427596566473,4.97261748907975,6.60549139863855e-07,3.04304123051123e-06,"UP"
"ARHGAP25",886.949510194675,1.13227872610253,0.0508281784557084,22.2765946076387,6.23197681038368e-110,4.3245302784944e-107,"UP"
"KBTBD8",162.931035010721,1.08599241317819,0.0698508643227596,15.547301006329,1.65953463116964e-54,1.11845470681994e-52,"UP"
"EOMES",131.86734361969,1.70919495402556,0.0959578138437897,17.8119413684014,5.70946897841684e-71,6.2193378360243e-69,"UP"
"FCRL4",25.7621381879536,1.70317791531593,0.144307786681011,11.8023978780907,3.79345282116668e-32,1.3089158758265e-30,"UP"
"TRAT1",105.486631568253,1.91794496595503,0.0887567289086363,21.6090091369784,1.47785949462906e-103,6.59266083127858e-101,"UP"
"FCRL1",85.6537871775721,1.90499183081205,0.13923689593944,13.6816597207152,1.30675540581422e-42,6.29392526563887e-41,"UP"
"MNDA",907.484986610417,1.44699277792267,0.0784502464819257,18.4447193324758,5.74967818557849e-76,7.48097017256935e-74,"UP"
"PYHIN1",138.711158471476,1.72560043094733,0.0785781662507462,21.9603041567663,6.90354364138254e-107,3.59291093513731e-104,"UP"
"AIM2",522.017715513867,1.18317657910038,0.148310777810206,7.97768440412667,1.49104044913914e-15,2.39179228211223e-14,"UP"
"CTLA4",205.752534297865,1.35685284389695,0.0870866011101289,15.5805006350069,9.87780900216312e-55,6.7054575892945e-53,"UP"
"ICOS",139.928025473514,1.66922404116382,0.0783168236099998,21.3137352132178,8.46641902721882e-101,3.23728218150963e-98,"UP"
"CD200R1",125.808731692866,1.37998843644541,0.0737223398596139,18.718728123297,3.48370444272279e-78,5.0597431347949e-76,"UP"
"DNASE1L3",115.032847199039,1.2080538505959,0.138185602219509,8.74225556926617,2.28501864413392e-18,4.60840789197989e-17,"UP"
"CPA3",1195.52035495701,1.02159629003324,0.126615582503526,8.06848785776261,7.11741453179529e-16,1.17180912713284e-14,"UP"
"CCR1",990.488948545442,1.11055067815319,0.0796893812486456,13.9359932371425,3.8283721740662e-44,1.92818228637915e-42,"UP"
"CSF2",102.933616099815,1.39831699405906,0.153340143766216,9.11905362623726,7.57831800895044e-20,1.67043960253759e-18,"UP"
"SAMD3",58.6030235821444,1.58196797481164,0.0782746294003928,20.2104818244429,7.91713626173204e-91,1.78717427710616e-88,"UP"
"IL22RA2",79.1628948412683,1.55573924470772,0.152885707395935,10.1758318106136,2.54218575289325e-24,6.83362873259797e-23,"UP"
"PI16",53.9466380831778,1.27923436815913,0.167760099838204,7.6253791538804,2.43318157825128e-14,3.48532798548288e-13,"UP"
"TAGAP",533.849504952889,1.40487866382033,0.061953084275326,22.6764927082064,7.64448395575254e-114,6.82033578071332e-111,"UP"
"NA.20",NA,NA,NA,NA,NA,NA,NA
"DCSTAMP",93.8391754337562,1.56585374876499,0.122398581692948,12.7930710234301,1.79248117817132e-37,7.34878060267349e-36,"UP"
"CYBB",5464.26441734546,1.66563409607507,0.0796507032163832,20.9117312065673,4.18759887016368e-97,1.24537861002201e-94,"UP"
"VEGFD",229.952443655541,1.2060641127322,0.16606601136044,7.26255844198298,3.79836313880813e-13,4.71298885885491e-12,"UP"
"FOLR2",1064.27131826909,1.37084410312357,0.0983075865390401,13.9444385869363,3.40113754436471e-44,1.72226251435722e-42,"UP"
"CLEC1B",9.80893581439168,1.02107776669989,0.129010209310268,7.91470513968558,2.47839759143025e-15,3.89230991391761e-14,"UP"
"NA.21",NA,NA,NA,NA,NA,NA,NA
"PLD4",272.80049231601,1.07663907609115,0.106392799371279,10.1194731453019,4.52846619015489e-24,1.19838054433251e-22,"UP"
"PRKCB",831.43526030677,1.28653033602661,0.0765901568658905,16.7975936944395,2.54147257640317e-63,2.28928029766778e-61,"UP"
"CLEC4E",195.051275869665,1.56976834219247,0.110918045623925,14.1525063244882,1.80217924741495e-45,9.32752220430013e-44,"UP"
"CLEC4D",23.2814702845003,1.51611934766924,0.111182925566169,13.6362606034049,2.43742233803294e-42,1.16202404390293e-40,"UP"
"B2M",150760.940796571,1.00419116116178,0.0579158203063394,17.3388058021145,2.39664626953874e-67,2.42721970303123e-65,"UP"
"MS4A7",1502.48743357643,1.17016759608717,0.0798521242501107,14.6541824287855,1.26672182093441e-48,7.2137690082149e-47,"UP"
"MS4A14",113.638832014062,1.06744097440243,0.0963341019491386,11.0806137474143,1.55800873938297e-28,4.79324330723798e-27,"UP"
"GNGT2",110.90874694162,1.05935660163019,0.0728099609047619,14.5496109112854,5.87361737086352e-48,3.26552210862015e-46,"UP"
"SNX20",582.572298055767,1.47260257580609,0.0606744587430916,24.270551502427,4.01276849869804e-130,1.07404615130866e-126,"UP"
"DPEP2",196.324583098424,1.25873962566842,0.081417962065797,15.4602202478513,6.43780361470357e-54,4.27725845833639e-52,"UP"
"CD3D",500.132056237729,1.56067961940614,0.0805505383377871,19.375160633458,1.2507062322245e-83,2.23173637780555e-81,"UP"
"NIBAN3",87.3927446943541,1.6243045456744,0.13387816870798,12.1327066343236,7.08677352754218e-34,2.58322546326907e-32,"UP"
"LAIR1",1946.11473367338,1.3745909978879,0.0680816587796266,20.1903276525225,1.19072191501273e-90,2.65587688091412e-88,"UP"
"NA.22",NA,NA,NA,NA,NA,NA,NA
"TMIGD2",29.7204237417021,1.49435301827667,0.100478769769293,14.8723259819743,4.98508266765393e-50,2.92791563828101e-48,"UP"
"KRT1",17.2083530809776,1.25279510117172,0.180993404717792,6.92177211166951,4.46028369279738e-12,4.79999283562617e-11,"UP"
"ACER1",2.27722031677532,1.03489198230652,0.142577661554931,7.25844407195442,3.91568226687664e-13,4.85534235289217e-12,"UP"
"CD300C",166.971427647682,1.30312525651483,0.0823449860136127,15.8251925174825,2.08560229976415e-56,1.46901671760831e-54,"UP"
"CD300A",784.343812869452,1.01334113571418,0.0725840197347373,13.9609398792943,2.69851529774312e-44,1.37017297069146e-42,"UP"
"NLRC3",426.303591829114,1.26242428239791,0.065693197130464,19.2169712777229,2.66901669641025e-82,4.46488364499486e-80,"UP"
"PTGDR",34.5043716403902,1.35267548909427,0.0900010063217203,15.0295596057999,4.7012079869244e-51,2.85054475220115e-49,"UP"
"XIRP1",68.4418341306448,1.02104083111218,0.14635374312971,6.97652693588607,3.02566351807724e-12,3.34644815080845e-11,"UP"
"LGI3",232.647159355269,1.24522434782167,0.216731744402618,5.74546359719435,9.16694779659783e-09,5.96775308954333e-08,"UP"
"SFTPC",51010.1550947894,1.56224502968898,0.246717606603736,6.33211812968894,2.41818225070448e-10,2.03261833329741e-09,"UP"
"GFRA2",60.8979533843501,1.13400736383914,0.104998664219203,10.8002075290377,3.43426465689691e-27,1.00381252124213e-25,"UP"
"IL7R",2646.96765767472,1.47975236060197,0.0842146805102821,17.571192476605,4.0947418937142e-69,4.26217134003495e-67,"UP"
"BTNL3",3.63250973654179,1.03066484497587,0.242911372838585,4.24296661342716,2.20584262645955e-05,7.51898043271054e-05,"UP"
"SIGLEC7",118.806332873793,1.30217017974096,0.081861393608602,15.9070121132672,5.66534611629525e-57,4.05137117690488e-55,"UP"
"KLK7",258.645682114368,1.30194312744491,0.264847061967452,4.91582998041681,8.84070998996941e-07,3.96646413726214e-06,"UP"
"RSPO1",29.5100656401772,1.10723353531681,0.132695207543108,8.34418631853833,7.17058648804266e-17,1.30308543588717e-15,"UP"
"CXCL10",1903.92353974481,1.87738097177006,0.120851546318003,15.5346044710922,2.0231664183914e-54,1.35863964211402e-52,"UP"
"CXCL11",436.490934764339,1.96855736369097,0.136346451207078,14.4379068634592,2.98778564555137e-47,1.6225841117406e-45,"UP"
"P2RY12",79.003604014981,1.73890616323264,0.113347246077543,15.3414063720879,4.04339120766468e-53,2.63045061343074e-51,"UP"
"C22orf15",46.8856551164914,1.22406502001276,0.16888038323487,7.24811844079248,4.22600998487049e-13,5.20911336029825e-12,"UP"
"RNASE2",75.9028656367547,1.08854293263896,0.107218103791833,10.1526038433994,3.22638201934039e-24,8.61103896215977e-23,"UP"
"PTAFR",1771.39557533235,1.18253712436464,0.0807803599451334,14.6389187318282,1.58569923628889e-48,8.97572836589385e-47,"UP"
"RNASE6",796.05294890759,1.10024013366834,0.0678113942438452,16.225003864571,3.35696464820622e-59,2.68786707900819e-57,"UP"
"CD52",1534.4184076579,1.55604171921812,0.0824836407330943,18.86485253789,2.21889511246563e-79,3.464434902263e-77,"UP"
"SPRR1B",271.815957621155,1.04977666449487,0.288682510097188,3.63644012982098,0.000276431854889155,0.00074628634484196,"UP"
"HTRA4",102.21138570978,1.52489483972816,0.109658260394333,13.9058820944689,5.83431157713324e-44,2.91497764557782e-42,"UP"
"GPR183",1010.74767598112,1.26640683846107,0.0852427884281103,14.8564689378868,6.31679985501455e-50,3.67551435042089e-48,"UP"
"GKN1",1.85512523086539,1.22356656045923,0.481033587378609,2.5436198065234,0.0109710426154446,0.020526608192827,"UP"
"NA.23",NA,NA,NA,NA,NA,NA,NA
"ITGAM",1617.25148718623,1.30400476478467,0.0860341627654614,15.1568251828001,6.82915652037686e-52,4.29366028744231e-50,"UP"
"SERPINA9",8.85159031151702,2.07830899500164,0.192074090044757,10.8203505976123,2.75720618563252e-27,8.10973549356528e-26,"UP"
"GPR25",27.1751658799546,1.43414437063932,0.114275808778183,12.5498509787237,3.98258822122442e-36,1.5545369356846e-34,"UP"
"NA.24",NA,NA,NA,NA,NA,NA,NA
"FABP4",255.804634244777,1.11607632063782,0.16702684140496,6.68201775983939,2.35674456066529e-11,2.32522201625197e-10,"UP"
"CD14",4918.89813285139,1.1573804528903,0.0773535903691524,14.9622072791575,1.29653374150629e-50,7.68729625976641e-49,"UP"
"MZB1",2272.88661931181,1.08705287969672,0.130177765632787,8.3505264851691,6.79593513965758e-17,1.23740175681851e-15,"UP"
"KRT72",1.70065666820124,1.30137438857474,0.205958452182116,6.31862579460454,2.63899432084123e-10,2.20733024978934e-09,"UP"
"OSCAR",575.299256615513,1.32348362838474,0.0868431980321453,15.239922738622,1.92097380090236e-52,1.23258099772968e-50,"UP"
"FPR2",137.993060336038,1.34324696934171,0.12017344915853,11.1775685789773,5.250891730172e-29,1.65068301101514e-27,"UP"
"FPR1",669.515883289545,1.24308601106605,0.0930651305393739,13.3571618484985,1.07588635260285e-40,4.86903543535436e-39,"UP"
"GIMAP8",779.518302910529,1.10111501184682,0.0677822869054758,16.244878450064,2.42822221992401e-59,1.95258246834748e-57,"UP"
"PTGER4",682.939671316765,1.13585789316261,0.0764102406138824,14.865257379601,5.54015652943946e-50,3.2437616479868e-48,"UP"
"NA.25",NA,NA,NA,NA,NA,NA,NA
"PTCRA",23.3359319797614,1.55544786882651,0.102931719446561,15.1114532739741,1.36104559395799e-51,8.38833889749897e-50,"UP"
"GPR82",62.3368133335035,1.11696284709323,0.0951559598806974,11.7382331962563,8.11643162133061e-32,2.77499019812501e-30,"UP"
"GPR34",408.49246842877,1.18155382911204,0.0940091118564259,12.5685032629236,3.1462387207746e-36,1.23580563254576e-34,"UP"
"DEFB4A",9.08722569616695,1.07376221349208,0.286214980300736,3.75159333855914,0.000175714312397923,0.000496333990213701,"UP"
"RASGRP4",142.592687562744,1.0386550899543,0.0766160459080164,13.5566261302664,7.23899201522832e-42,3.41636660950423e-40,"UP"
"ANGPTL7",8.36217643295296,1.14669051516862,0.171701821057557,6.67838295543894,2.41593059311992e-11,2.37860617933236e-10,"UP"
"C3AR1",1185.75972012776,1.37894831585538,0.0753139326110127,18.3093388971929,6.97109879989259e-75,8.76580584663004e-73,"UP"
"CYP4F22",17.7265954707189,1.22315276962145,0.112294145252449,10.8924001947891,1.25293891166957e-27,3.73806742819124e-26,"UP"
"CD8B",195.892370134068,1.40646657746561,0.104134717070965,13.5062217195745,1.43709785531763e-41,6.69787696946046e-40,"UP"
"CXCR6",437.318780825381,1.61306889748029,0.076686398748715,21.0346153138052,3.16328215581987e-98,1.03977639423581e-95,"UP"
"CLEC12A",228.608380476589,1.31546586382739,0.114268932268776,11.5120167635175,1.14762740148588e-30,3.81240194933323e-29,"UP"
"IL16",960.77959222175,1.35355389131473,0.064847808489854,20.8727777057649,9.46698049465802e-97,2.77145853981114e-94,"UP"
"NA.26",NA,NA,NA,NA,NA,NA,NA
"KLHL6",880.142380783749,1.28077274909146,0.0793459291277239,16.1416315010918,1.30057527494941e-58,1.01110283615984e-56,"UP"
"THEMIS",159.657544278573,1.83266520382296,0.0873462123288188,20.9816219268193,9.65438988524564e-98,3.11870084293038e-95,"UP"
"CCL19",1170.44648954072,2.04800853758665,0.122141718333127,16.7674776934196,4.22047842542414e-63,3.74762482363728e-61,"UP"
"COL6A5",236.514875195782,1.42162262496775,0.129110466754537,11.0109014451208,3.38598733315538e-28,1.02653492999999e-26,"UP"
"KRT2",1.94087062834111,1.01012474432596,0.208420193058453,4.84657810504312,1.25609150134697e-06,5.45529215791303e-06,"UP"
"LRRN3",91.2442379254252,1.02533556705687,0.119536420102852,8.57759974888536,9.68733612104905e-18,1.87501993351214e-16,"UP"
"ABCD2",77.490037507633,1.5638049980971,0.0849057846935651,18.4181207881307,9.40110809544095e-76,1.21475283638746e-73,"UP"
"NA.27",NA,NA,NA,NA,NA,NA,NA
"NA.28",NA,NA,NA,NA,NA,NA,NA
"C1QB",11942.9481425453,1.53302839534903,0.082896022074267,18.4933891517205,2.33412799725482e-76,3.05819735360603e-74,"UP"
"C1QA",9845.93065500214,1.49586933879354,0.0778122504732077,19.224085278302,2.32706339882849e-82,3.9279153009415e-80,"UP"
"OLR1",1659.97898718579,1.17089041880861,0.107523174416508,10.8896563476909,1.29126595107042e-27,3.84628916681327e-26,"UP"
"SAA1",808.187295485054,1.18337796312722,0.181744175739719,6.51122908511782,7.45383646902924e-11,6.83913222741096e-10,"UP"
"NRROS",408.122844753535,1.00360051863653,0.0666111866983389,15.0665461520979,2.68802664997703e-51,1.640484277328e-49,"UP"
"TLR10",202.464369728954,1.70461530462812,0.110678434653848,15.4015125887838,1.59885162871808e-53,1.04741552851965e-51,"UP"
"ZNF80",10.6714636508419,1.65102184434012,0.125599090957349,13.1451735180214,1.81388953450465e-39,7.88515877458912e-38,"UP"
"CMKLR1",1034.41429402457,1.40264536195616,0.0757216477883013,18.5237036293453,1.32967296203652e-76,1.80527192874756e-74,"UP"
"ADGRE1",108.762358736139,1.45680063323141,0.120666669869998,12.0729331040702,1.46806751152297e-33,5.27940746562273e-32,"UP"
"DNAH12",164.055054566074,1.01852557616289,0.176515533179416,5.77017533707716,7.91890935204983e-09,5.20591879368441e-08,"UP"
"TBC1D10C",647.248311450498,1.47590901007498,0.0749084138739467,19.7028468999302,2.03829959949549e-86,3.8968960506273e-84,"UP"
"LRRC25",501.658116815471,1.18002981822428,0.0713220331178845,16.5450950658385,1.73690351968847e-61,1.49278093325152e-59,"UP"
"CCDC197",0.889336313895752,1.0814527624676,0.241962736994802,4.46950127899585,7.8402190392512e-06,2.90764734598991e-05,"UP"
"GAPT",135.261935112246,1.35573437779005,0.0896887553534278,15.1159905436043,1.27046192672731e-51,7.85589922744648e-50,"UP"
"ZNF683",198.848060506553,1.81677294818245,0.12416631664648,14.6317696880311,1.76145153546688e-48,9.91067746802024e-47,"UP"
"HSF5",5.15817235309494,1.44897728270476,0.103932170287201,13.9415666843166,3.54081455630819e-44,1.78815907080836e-42,"UP"
"NA.29",NA,NA,NA,NA,NA,NA,NA
"SAMD9L",2256.88013134142,1.01003205717198,0.0845373799752158,11.9477568085041,6.67013520254793e-33,2.36688737035868e-31,"UP"
"UBE2U",6.55512038620215,1.22547592250591,0.303552131299155,4.03711849184212,5.41117416049598e-05,0.000170699304906068,"UP"
"CD19",224.27031718764,1.56208697541468,0.123854170553157,12.6123082366794,1.80624232665141e-36,7.21572627550975e-35,"UP"
"OR2B11",3.26665637999707,1.02104175754388,0.142866522752622,7.14682304763479,8.88092380452191e-13,1.05112437398309e-11,"UP"
"CD163",4512.3144582041,1.4080984583792,0.0984997700347607,14.2954491963005,2.33593666219914e-46,1.23633077127014e-44,"UP"
"KCNJ10",85.2200198072212,1.43025193591371,0.129101576713446,11.0785009162847,1.59521017598687e-28,4.89964882906394e-27,"UP"
"CD28",264.686403301698,1.40668835971965,0.0729335955013628,19.2872482159934,6.87357929176176e-83,1.19243871861526e-80,"UP"
"NA.30",NA,NA,NA,NA,NA,NA,NA
"ERICH3",215.596586021798,1.09629638681229,0.222836531425987,4.91973367112124,8.66620516064208e-07,3.89376546498297e-06,"UP"
"GIMAP7",634.425883964909,1.33834722588242,0.0620070332594239,21.5837971199664,2.55038952114482e-103,1.11125809460859e-100,"UP"
"HLA-DQB1",12774.9567112773,1.08193045354445,0.104807913816596,10.3229843448437,5.54716362522538e-25,1.52392459944608e-23,"UP"
"CIITA",2700.98907063229,1.18741850690867,0.0830762580315721,14.293114965017,2.41558344203294e-46,1.27488370056139e-44,"UP"
"FCER1A",305.984702653021,1.0126110166768,0.165375443401071,6.12310386507022,9.17698293701761e-10,7.00651802395933e-09,"UP"
"CCR8",45.2672289320078,1.38759679234618,0.088633573098695,15.6554310498243,3.05039444136271e-55,2.10118346519749e-53,"UP"
"TMEM150B",159.852177021831,1.26044038148039,0.0907355461133004,13.891362707031,7.14626525529481e-44,3.56096877189371e-42,"UP"
"SEPTIN1",441.199543897534,1.18181169158925,0.0701548217907917,16.8457657139166,1.12700716019417e-63,1.0350787330097e-61,"UP"
"SERTM1",20.015729547984,1.16601137476283,0.239177292764164,4.87509228525533,1.08757599982278e-06,4.79454680768933e-06,"UP"
"KCNE1",42.0825763763835,1.12973465385031,0.123286607235519,9.16348238614546,5.02490096729208e-20,1.11548038534579e-18,"UP"
"FUT7",42.547966504292,1.51629738884899,0.0919697971416227,16.4869058753502,4.55695424962013e-61,3.84590517211183e-59,"UP"
"PRF1",812.337948972623,1.41901645315931,0.092505426675455,15.3398184750585,4.14352016689858e-53,2.68626276287238e-51,"UP"
"FCRL6",105.37295345361,1.24361659202319,0.0951306954120065,13.0727162945372,4.71512768033588e-39,2.02620716098103e-37,"UP"
"OR52N4",6.78241464117074,1.17443129753621,0.142098254274631,8.26492417891636,1.39783559190119e-16,2.47074034432648e-15,"UP"
"CCL13",696.116374843751,1.5008532226618,0.131910607979904,11.3778053611158,5.39400699947515e-30,1.74847950072952e-28,"UP"
"FDCSP",231.520723229077,2.05400732902746,0.180290507787076,11.3927646787331,4.54341096053415e-30,1.47530931987119e-28,"UP"
"P2RY13",337.543250146564,1.62961805089712,0.0792022958332116,20.5753890560048,4.56056258149858e-94,1.13928934035943e-91,"UP"
"NA.31",NA,NA,NA,NA,NA,NA,NA
"TIGIT",451.282607958348,1.63046061902022,0.0774542811210534,21.0506197387846,2.25709362062548e-98,7.55159037072124e-96,"UP"
"OR4C6",3.63866434256708,1.8818131147536,0.256093158011939,7.34815849576847,2.00956129638149e-13,2.57531740417262e-12,"UP"
"P2RY8",449.018617035173,1.07464717364848,0.0822149825012884,13.0711841194108,4.81107422027199e-39,2.06270678697977e-37,"UP"
"SHISAL2A",47.5047214619888,1.08797622279677,0.084416273339325,12.8882285341295,5.24344235011458e-38,2.17347645733953e-36,"UP"
"TMIGD1",0.530784359835355,1.00827197758541,0.413112333424839,2.4406726597255,0.014659936211206,0.0265739710577743,"UP"
"KIAA2012",49.8854930950486,1.20922622421351,0.182830759637424,6.61391019001157,3.74298875902558e-11,3.5798181413529e-10,"UP"
"CSF1R",4092.36006375206,1.22835756895067,0.0751989837166148,16.3347628949308,5.58489694693324e-60,4.56937245404983e-58,"UP"
"NA.32",NA,NA,NA,NA,NA,NA,NA
"LCK",775.465699488192,1.57532580830463,0.0716909200009298,21.9738539871464,5.12315449485781e-107,2.82315948869576e-104,"UP"
"MCEMP1",329.258672491489,1.23735760416991,0.153768106398372,8.04690669054772,8.49128710705746e-16,1.38824393750287e-14,"UP"
"FREM3",7.62514085917433,1.25297106668838,0.185201508450916,6.76544741545916,1.32897858460065e-11,1.3510440998957e-10,"UP"
"OR51B4",1.84559410300135,1.03541781686789,0.328112655585366,3.1556777809154,0.00160125648461414,0.00362026565653802,"UP"
"NA.33",NA,NA,NA,NA,NA,NA,NA
"NA.34",NA,NA,NA,NA,NA,NA,NA
"NA.35",NA,NA,NA,NA,NA,NA,NA
"KLRC4",3.07942698149938,1.60557885167646,0.164460060670616,9.7627280759196,1.62718092864201e-22,4.05410397327615e-21,"UP"
"ACSM5",41.5964551226376,1.16877307846525,0.122414975692385,9.54763150386302,1.32695189395294e-21,3.16710454587291e-20,"UP"
"NA.36",NA,NA,NA,NA,NA,NA,NA
"NA.37",NA,NA,NA,NA,NA,NA,NA
"CCR4",243.305254193046,1.45662665730631,0.100492513387583,14.4948773615438,1.30535312309825e-47,7.13034872139032e-46,"UP"
"SH2D1A",216.516894035985,1.9315318406757,0.0804947054197955,23.9957625859041,3.07897858768341e-127,5.76877428188363e-124,"UP"
"NA.38",NA,NA,NA,NA,NA,NA,NA
"CLECL1",50.6903007119521,1.53396233761349,0.0828827949649762,18.5076087053013,1.79284789806616e-76,2.38232611476366e-74,"UP"
"NA.39",NA,NA,NA,NA,NA,NA,NA
"SCN10A",1.14232812472461,1.12404583738903,0.20577844913467,5.46240795435975,4.6971909956019e-08,2.70207462369042e-07,"UP"
"KRT79",10.670188171672,1.47726009898088,0.176540914704929,8.36780585084189,5.87010066013122e-17,1.07509487749969e-15,"UP"
"IKZF1",1141.1561556262,1.46197168576613,0.0640004592377617,22.8431436770618,1.70971978469766e-115,1.60166549430477e-112,"UP"
"CCDC190",52.3511806703349,1.03373746393272,0.245790402858928,4.20576821514889,2.60196799472105e-05,8.76176042688951e-05,"UP"
"EVI2B",1052.99761311959,1.40961837124147,0.0598813822294819,23.5401775770544,1.5826563020058e-122,2.11804631959862e-119,"UP"
"C16orf54",351.318105013207,1.05003785319658,0.0943255293449445,11.1320642512022,8.75834190840516e-29,2.72133157538771e-27,"UP"
"NA.40",NA,NA,NA,NA,NA,NA,NA
"CD300LF",450.031870794655,1.22894933371987,0.0904510996848863,13.5868921218348,4.78991533127981e-42,2.26625893047623e-40,"UP"
"BTLA",87.2209519937813,1.61674576876899,0.086438626466713,18.7039733838388,4.59496634418205e-78,6.57185415454922e-76,"UP"
"TMEM212",36.2599855702078,1.02779468183895,0.245304109715036,4.18987958674201,2.79102523915932e-05,9.33463921472492e-05,"UP"
"CD300E",206.25343338343,1.1643095242864,0.110914632652168,10.4973482438311,8.88407771047676e-26,2.48065692970928e-24,"UP"
"ARHGAP30",1911.54486265578,1.22551922203044,0.056213988882827,21.8009653181688,2.27175281931787e-105,1.12009370586157e-102,"UP"
"NA.41",NA,NA,NA,NA,NA,NA,NA
"NA.42",NA,NA,NA,NA,NA,NA,NA
"NA.43",NA,NA,NA,NA,NA,NA,NA
"SPATC1",15.3292343676554,1.01378511871396,0.0853496622377002,11.8780214488788,1.53968631242671e-32,5.38200797567663e-31,"UP"
"NA.44",NA,NA,NA,NA,NA,NA,NA
"CXCR3",328.317312685916,1.48454493492392,0.0892295063240278,16.6373769852872,3.73629890194049e-62,3.24089334383134e-60,"UP"
"LILRB4",1677.9880392382,1.57100143264441,0.0870355883599996,18.0501041269047,7.87421407867998e-73,9.22070468613425e-71,"UP"
"LILRA5",166.746613942721,1.16707009033892,0.0955157933082724,12.2186085663579,2.47280844757913e-34,9.08441942624363e-33,"UP"
"FPR3",1696.64329620015,1.29810981136469,0.076435160892966,16.9831501131065,1.09450423453153e-64,1.04094575320725e-62,"UP"
"CDHR4",140.403715746793,1.04758338776805,0.200192929992041,5.23286905191757,1.66898979679892e-07,8.66930768861232e-07,"UP"
"TRPV2",1050.26715412785,1.14404517567235,0.0601401568609597,19.0229829017126,1.10041173553232e-80,1.79280993712466e-78,"UP"
"TTC24",23.7694330203047,1.89008184671509,0.11865169792305,15.9296653971262,3.94462253061267e-57,2.89829206798271e-55,"UP"
"LRRC74B",30.642333964568,1.28508128312632,0.223787911779106,5.74240705366956,9.33401148997252e-09,6.07018532718241e-08,"UP"
"CLEC17A",48.0612156156083,1.58594780303672,0.122517489649524,12.9446645338025,2.51861010261773e-38,1.0556751427885e-36,"UP"
"OVCH1",12.3149750842821,1.13045493668785,0.165242579600283,6.84118427237327,7.85411471655057e-12,8.19346844817881e-11,"UP"
"RTP5",6.97985408790052,1.95453137618047,0.136603181382445,14.3080955831359,1.94774324818059e-46,1.03379369682469e-44,"UP"
"NA.45",NA,NA,NA,NA,NA,NA,NA
"PEAK3",37.3334433780357,1.00653625600685,0.0772914647500542,13.0226055265196,9.10115250119113e-39,3.88426408342408e-37,"UP"
"PDCD1",199.456984407013,1.65046031087142,0.091935608990867,17.952350878922,4.60012791773649e-72,5.16095788423418e-70,"UP"
"SELL",1065.26063674551,1.49610090948779,0.0940110712164868,15.9140927778878,5.05950738171641e-57,3.67422210479994e-55,"UP"
"ADRB3",9.12197178805479,1.18477878027348,0.157129050541792,7.5401638092274,4.69381470888784e-14,6.50468286876646e-13,"UP"
"CALHM6",74.6928384599084,2.13893244010676,0.115510546317737,18.5172047773296,1.50026775337019e-76,2.02223141202474e-74,"UP"
"CNR2",53.9676389521217,1.80317942994631,0.130211169472475,13.8481163885674,1.30591819321107e-43,6.42196411233666e-42,"UP"
"UTS2B",8.82443500402214,1.0539965976938,0.118093622371578,8.92509329908964,4.45323686170568e-19,9.44913316431684e-18,"UP"
"CGB5",10.27866800935,1.93815216378716,0.356252493899474,5.44038904141416,5.31643440107559e-08,3.03130599326087e-07,"UP"
"VSTM1",13.8653519072886,1.32517326333579,0.161750086622158,8.19272057907051,2.55386599993581e-16,4.39790747930122e-15,"UP"
"NA.46",NA,NA,NA,NA,NA,NA,NA
"NUGGC",122.455686585881,1.17913433991469,0.110135997526925,10.7061666157464,9.52235985116547e-27,2.74056734518335e-25,"UP"
"NCR1",16.6650291880751,1.56751024285941,0.117079452997461,13.3884315541976,7.06571102857807e-41,3.23675212301806e-39,"UP"
"PAX5",280.149786645695,1.33913788767918,0.143076311994189,9.35960585658346,8.00346898138781e-21,1.85127154117632e-19,"UP"
"HLA-DRB1",42302.2511291778,1.24510969810968,0.0886502064820902,14.0451979472966,8.24377215019731e-45,4.20859168953942e-43,"UP"
"SIRPB2",293.26920620125,1.20995637847854,0.076046517477701,15.9107401444561,5.33786992647867e-57,3.86140273909283e-55,"UP"
"GIMAP5",64.8523027111918,1.62830841805104,0.0951767787082152,17.1082530860071,1.28804945774936e-65,1.25040904872497e-63,"UP"
"ADH1B",2183.41905092435,1.25211310805608,0.17094006308609,7.32486630372591,2.39137001676701e-13,3.0437981409067e-12,"UP"
"TLR7",333.916821561792,1.40065512651919,0.0841386972717134,16.6469789994012,3.18268194280541e-62,2.78648265796271e-60,"UP"
"HLA-DQA1",13726.0509632494,1.62935808262144,0.0894214616908692,18.2211076827859,3.50977745203354e-74,4.21533271418592e-72,"UP"
"NA.47",NA,NA,NA,NA,NA,NA,NA
"DTHD1",193.010134912536,1.26188746991929,0.156767315813394,8.04942958531844,8.31807986285568e-16,1.36230370900755e-14,"UP"
"IL27",11.6635981949873,1.30837856186582,0.0989687309207091,13.220120635012,6.71561544065236e-40,2.98160594540433e-38,"UP"
"OR6N1",0.959628738275188,1.48618662348301,0.237692743009055,6.25255363150231,4.03795009663527e-10,3.29939088576356e-09,"UP"
"SPN",1129.89765824747,1.48502213461949,0.073449097406435,20.2183850728898,6.74553488578551e-91,1.54127245878143e-88,"UP"
"GZMM",140.126165641233,1.28752562591329,0.103250533121607,12.4699174618001,1.08938830142779e-35,4.17398347966279e-34,"UP"
"ELANE",17.9652426960639,1.15220379513679,0.183440288697356,6.28108363391055,3.3622119932074e-10,2.78243833501474e-09,"UP"
"MPEG1",2213.36837369173,1.336224834621,0.0712885151212838,18.7439005055396,2.17113073039938e-78,3.17799260662209e-76,"UP"
"PDCD1LG2",296.294597113844,1.61342062791584,0.0835794227981424,19.3040412807409,4.96685216445738e-83,8.69709739750219e-81,"UP"
"CLEC9A",23.4574187592627,1.16636625939037,0.113399954639785,10.285420863662,8.19831195725935e-25,2.22936970727447e-23,"UP"
"KEL",30.7862884518889,1.34177468099969,0.118565079096763,11.3167780194761,1.08382468783289e-29,3.46527975277084e-28,"UP"
"FCGR1B",60.0831574366507,1.35115750708658,0.0848993762062043,15.914810773225,5.00180003426085e-57,3.64644846077476e-55,"UP"
"SIRPA",2812.20865147344,1.04865815915747,0.0667923287553256,15.7002784406414,1.50579693969865e-55,1.04105577351269e-53,"UP"
"CLEC4C",8.72621977459332,1.58772792578146,0.14478033029335,10.9664615529227,5.53981525698263e-28,1.6633650425453e-26,"UP"
"NA.48",NA,NA,NA,NA,NA,NA,NA
"OR14L1P",1.58136525430322,1.18253983270764,0.175838576348303,6.72514448914353,1.75418283953305e-11,1.76038402150462e-10,"UP"
"HLA-DRB5",16149.8751932311,1.26099957647725,0.115659753295403,10.9026652793956,1.11929732031755e-27,3.34468175334443e-26,"UP"
"RCSD1",1105.04361290513,1.27373737781064,0.0577742960182011,22.0467831820809,1.02559781279388e-107,6.40520020683535e-105,"UP"
"CD247",416.490535675526,1.59347183936193,0.0661679904957347,24.0822159993607,3.8395158618055e-128,7.99301879853198e-125,"UP"
"CD3E",1208.33696534063,1.66216595776967,0.0720169010606333,23.0802205217112,7.31637836962273e-118,8.06350971372068e-115,"UP"
"L1CAM",147.358677552866,1.47109424667298,0.162632612069499,9.0455058672016,1.48973772984336e-19,3.24178003558016e-18,"UP"
"NA.49",NA,NA,NA,NA,NA,NA,NA
"NA.50",NA,NA,NA,NA,NA,NA,NA
"CR1",371.454851833904,1.37661621483887,0.0937020615004265,14.6914186603313,7.31657912664077e-49,4.17937275965675e-47,"UP"
"FCGR3A",5143.13917032838,1.36188942103329,0.0835284655922524,16.3044946579218,9.16941430010816e-60,7.4694846229055e-58,"UP"
"TMEM244",1.60157114629979,1.1828027910425,0.164802488962183,7.17709300685329,7.120924800929e-13,8.54146268055095e-12,"UP"
"OR6K3",1.11690295572971,1.25730448796981,0.229347066509086,5.48210407530981,4.20296841659872e-08,2.44100484356459e-07,"UP"
"LORICRIN",1.18915743481239,1.02124527004939,0.198860674439977,5.13548127564879,2.81422899857023e-07,1.40269738008012e-06,"UP"
"NA.51",NA,NA,NA,NA,NA,NA,NA
"MAFB",2200.58753191687,1.023977804538,0.0673380753503876,15.2065202221748,3.20112334646445e-52,2.04000840201898e-50,"UP"
"GGTA1",369.966179275429,1.15290868290817,0.0721638442232762,15.9762647807544,1.87022060263922e-57,1.40161812844194e-55,"UP"
"TMEM273",550.893217628257,1.31262704079343,0.0636772783061971,20.6137428563068,2.06620268783861e-94,5.45244698018932e-92,"UP"
"CXorf65",0.434615278632752,1.09290288157612,0.241091682750276,4.53314220179115,5.81126639871447e-06,2.21661008237611e-05,"UP"
"HLA-DOA",3416.39922319373,1.46887841095088,0.0911984954129014,16.1063886449061,2.30074294994282e-58,1.75945795551545e-56,"UP"
"HLA-DRA",75596.4668257247,1.37461563144353,0.0818559999580067,16.7930955843032,2.74164177879763e-63,2.45777035251447e-61,"UP"
"AGER",3631.33622835393,1.29930999649834,0.171651687398087,7.56945659080554,3.74788671772709e-14,5.25601837899213e-13,"UP"
"CARD16",380.119834655837,1.04573421617321,0.0692396988881105,15.1031017316105,1.54491727590452e-51,9.49035084634332e-50,"UP"
"NA.52",NA,NA,NA,NA,NA,NA,NA
"AIF1",1551.99410831524,1.3988131634825,0.0652506880073422,21.4375235909405,5.97074794732712e-102,2.48595407869158e-99,"UP"
"NCR3",51.6226312620345,1.74253003906293,0.0918370732057503,18.9741460418604,2.790082462481e-80,4.50646422560724e-78,"UP"
"LST1",873.455673664617,1.48195057281718,0.0812577911339733,18.2376428418269,2.59406288947647e-74,3.17662498674713e-72,"UP"
"LILRB3",487.072848982448,1.13297371953325,0.0662329872428359,17.1058828341733,1.34153530469708e-65,1.29561883859816e-63,"UP"
"HLA-G",381.077650944523,1.3110273248413,0.11688881347037,11.2160204720842,3.40239127034897e-29,1.07499498889137e-27,"UP"
"HLA-F",4699.87410803282,1.03221165997019,0.0793080572963142,13.0152180643335,1.00255687725879e-38,4.25938903680741e-37,"UP"
"MAS1L",2.13364872938487,1.127148603282,0.22461065846964,5.01823293231809,5.21489245347593e-07,2.45925560051158e-06,"UP"
"NA.53",NA,NA,NA,NA,NA,NA,NA
"NA.54",NA,NA,NA,NA,NA,NA,NA
"PKHD1L1",119.100757250351,1.00503123062544,0.112168309864252,8.96002829891744,3.24595093306633e-19,6.95041562079209e-18,"UP"
"SLFN12L",52.8710904611003,1.17050640361022,0.0885039985947837,13.225463506676,6.25504429975733e-40,2.79034547619651e-38,"UP"
"KRT6A",2487.43585127474,1.11762161600868,0.254920797782263,4.38419158315708,1.16417286952618e-05,4.16974629773324e-05,"UP"
"EXOC3L4",75.116422957711,1.33076928234016,0.120904327833988,11.0067960856407,3.54382915392262e-28,1.07265239140378e-26,"UP"
"NA.55",NA,NA,NA,NA,NA,NA,NA
"ARRDC5",19.9737817863439,1.01067526847794,0.0833107258080206,12.1313943513938,7.20127137609514e-34,2.61986447577706e-32,"UP"
"KLRC2",14.7730192404396,1.05557937758177,0.185399783117761,5.69353081125935,1.24438747508536e-08,7.88196204638245e-08,"UP"
"KLRC3",2.73505684604022,1.15472508741112,0.18729398284143,6.16530798209763,7.03460871420908e-10,5.48254695796261e-09,"UP"
"CLEC6A",18.9292329982038,2.15060775404526,0.135191382245011,15.9078760667426,5.58771706813996e-57,4.02659488417962e-55,"UP"
"NA.56",NA,NA,NA,NA,NA,NA,NA
"NA.57",NA,NA,NA,NA,NA,NA,NA
"COL6A6",362.019255346568,1.26571141814488,0.135621611284974,9.33266760476181,1.03239190303788e-20,2.37336131230892e-19,"UP"
"ACKR1",625.49672397408,1.08195687738612,0.132268185209496,8.18002360637541,2.83788272140202e-16,4.85907293915155e-15,"UP"
"GIMAP1",289.525828566087,1.24292587360651,0.0613928841947326,20.2454387004211,3.89698609427162e-91,9.0140656126263e-89,"UP"
"NA.58",NA,NA,NA,NA,NA,NA,NA
"NA.59",NA,NA,NA,NA,NA,NA,NA
"NA.60",NA,NA,NA,NA,NA,NA,NA
"NA.61",NA,NA,NA,NA,NA,NA,NA
"KLRK1",19.1603194748271,1.49661530196776,0.118727963331757,12.6054154385334,1.97131130219591e-36,7.84171731591136e-35,"UP"
"UBD",1.40423596827802,1.53134932248289,0.215354536409935,7.11082918433589,1.15347830302473e-12,1.34233350841437e-11,"UP"
"NA.62",NA,NA,NA,NA,NA,NA,NA
"NA.63",NA,NA,NA,NA,NA,NA,NA
"LCNL1",18.1258495347263,1.22221328101888,0.139735304412098,8.74663197078966,2.19815158120718e-18,4.44277972227592e-17,"UP"
"NA.64",NA,NA,NA,NA,NA,NA,NA
"NA.65",NA,NA,NA,NA,NA,NA,NA
"NA.66",NA,NA,NA,NA,NA,NA,NA
"NA.67",NA,NA,NA,NA,NA,NA,NA
"MS4A4E",37.1728233590301,1.03684018115821,0.107416947042921,9.65248231029991,4.79799917737254e-22,1.16898976056244e-20,"UP"
"NA.68",NA,NA,NA,NA,NA,NA,NA
"NA.69",NA,NA,NA,NA,NA,NA,NA
"NA.70",NA,NA,NA,NA,NA,NA,NA
"NA.71",NA,NA,NA,NA,NA,NA,NA
"IFI30",40.0658154757423,1.08719440200431,0.101031262473635,10.7609701728514,5.26133170445316e-27,1.53068805612786e-25,"UP"
"NA.72",NA,NA,NA,NA,NA,NA,NA
"NA.73",NA,NA,NA,NA,NA,NA,NA
"OR3A2",3.19237621764797,1.15801692964871,0.190180449525083,6.08904297229549,1.13587630765967e-09,8.5744474215599e-09,"UP"
"NA.74",NA,NA,NA,NA,NA,NA,NA
"NA.75",NA,NA,NA,NA,NA,NA,NA
"HLA-DPB1",17125.6262644126,1.31491822098901,0.0800306368832022,16.4301856413816,1.16302365167904e-60,9.64177483976038e-59,"UP"
"NA.76",NA,NA,NA,NA,NA,NA,NA
"APOC4-APOC2",0.504084958274775,1.20655366911133,0.241274604424005,5.00074871945903,5.71081034241343e-07,2.67227129309336e-06,"UP"
"NA.77",NA,NA,NA,NA,NA,NA,NA
"NA.78",NA,NA,NA,NA,NA,NA,NA
"NA.79",NA,NA,NA,NA,NA,NA,NA
"LTA",59.0918750339477,1.6902041505998,0.0794067002485996,21.2854097363101,1.54986395151367e-100,5.80765019911204e-98,"UP"
"NA.80",NA,NA,NA,NA,NA,NA,NA
"NA.81",NA,NA,NA,NA,NA,NA,NA
"NA.82",NA,NA,NA,NA,NA,NA,NA
"LTB",911.978775195957,1.44810016703014,0.0929833204191106,15.573762697471,1.09756318120158e-54,7.42380641263276e-53,"UP"
"NA.83",NA,NA,NA,NA,NA,NA,NA
"NA.84",NA,NA,NA,NA,NA,NA,NA
"NA.85",NA,NA,NA,NA,NA,NA,NA
"NA.86",NA,NA,NA,NA,NA,NA,NA
"NA.87",NA,NA,NA,NA,NA,NA,NA
"NA.88",NA,NA,NA,NA,NA,NA,NA
"NA.89",NA,NA,NA,NA,NA,NA,NA
"NA.90",NA,NA,NA,NA,NA,NA,NA
"NA.91",NA,NA,NA,NA,NA,NA,NA
"PRB4",5.00798083317254,3.10760460679733,0.521802314799189,5.95552092940266,2.59244718086319e-09,1.84334308844982e-08,"UP"
"NA.92",NA,NA,NA,NA,NA,NA,NA
"HLA-DPA1",26696.9134642745,1.38537839533898,0.0842873493133882,16.436373982862,1.0501727010961e-60,8.74490476788289e-59,"UP"
"NA.93",NA,NA,NA,NA,NA,NA,NA
"TSPAN19",86.0622933508293,1.2706979295218,0.25050356167587,5.07257430202117,3.9246981358216e-07,1.90155532125042e-06,"UP"
"NA.94",NA,NA,NA,NA,NA,NA,NA
"NA.95",NA,NA,NA,NA,NA,NA,NA
"NA.96",NA,NA,NA,NA,NA,NA,NA
"TNF",103.400208892459,1.14041981692197,0.119609946465405,9.53448981980625,1.50624344727698e-21,3.59045511808924e-20,"UP"
"NA.97",NA,NA,NA,NA,NA,NA,NA
"NA.98",NA,NA,NA,NA,NA,NA,NA
"NA.99",NA,NA,NA,NA,NA,NA,NA
"HLA-B",100356.053044544,1.06385844194196,0.0705850105274922,15.0720164804339,2.47443858891664e-51,1.51506801967131e-49,"UP"
"NA.100",NA,NA,NA,NA,NA,NA,NA
"APOC2",1.93887805823456,1.42249124910532,0.161810260861242,8.79110658084384,1.48093992247133e-18,3.03576481262831e-17,"UP"
"NA.101",NA,NA,NA,NA,NA,NA,NA
"NFAM1",804.702850598733,1.36841731520942,0.0731275412642967,18.7127488706847,3.89744039840454e-78,5.61711102342366e-76,"UP"
"NA.102",NA,NA,NA,NA,NA,NA,NA
"NA.103",NA,NA,NA,NA,NA,NA,NA
"SLFN14",9.94017686182079,1.336499324117,0.116257336655891,11.4960428525289,1.38102965373064e-30,4.57964098978714e-29,"UP"
"NA.104",NA,NA,NA,NA,NA,NA,NA
"NA.105",NA,NA,NA,NA,NA,NA,NA
"NA.106",NA,NA,NA,NA,NA,NA,NA
"HLA-DQA2",2960.05525459196,1.54620456464102,0.139199924864328,11.1077974082819,1.14960161918584e-28,3.56015470034148e-27,"UP"
"NA.107",NA,NA,NA,NA,NA,NA,NA
"OR2I1P",1154.61088855419,2.02609878833732,0.133656701488842,15.1589764356595,6.60912968431672e-52,4.16931494159455e-50,"UP"
"NA.108",NA,NA,NA,NA,NA,NA,NA
"APOBEC3G",967.890261836273,1.19825062102648,0.0751999710285078,15.9341899290391,3.66924880172137e-57,2.70657659641935e-55,"UP"
"LILRA4",36.69287513433,1.7290101311295,0.10675885162763,16.1954733005204,5.4278482820167e-59,4.30915955135021e-57,"UP"
"PSMB9",3438.07400921382,1.1814021501618,0.0856912048743965,13.7867375291719,3.06301914083247e-43,1.49449808913118e-41,"UP"
"NA.109",NA,NA,NA,NA,NA,NA,NA
"TNFRSF13B",76.1351246897504,1.58154213974228,0.132154356723111,11.9673855554828,5.26619797168123e-33,1.87224829596621e-31,"UP"
"HLA-DOB",243.509094509726,1.27761575895338,0.0887822948628399,14.3904340491218,5.94218126772977e-47,3.19921575379842e-45,"UP"
"NA.110",NA,NA,NA,NA,NA,NA,NA
"NA.111",NA,NA,NA,NA,NA,NA,NA
"SERPINB10",3.5017464194003,1.04108162473326,0.239000123783834,4.35598780557483,1.3246815139875e-05,4.70863836958259e-05,"UP"
"HLA-DMB",3437.79683451389,1.36509199926209,0.0742019042858262,18.3969941526534,1.38856837089915e-75,1.78193267103879e-73,"UP"
"NA.112",NA,NA,NA,NA,NA,NA,NA
"NA.113",NA,NA,NA,NA,NA,NA,NA
"WFDC6",1.4890987867042,1.18326119002569,0.307308459662403,3.85040226788933,0.000117923980027613,0.000346793861214464,"UP"
"SPRR2F",12.9571027666933,1.63860369781005,0.318416684810294,5.14609873156081,2.65959481344728e-07,1.33307031633891e-06,"UP"
"NA.114",NA,NA,NA,NA,NA,NA,NA
"NA.115",NA,NA,NA,NA,NA,NA,NA
"LILRA6",239.347708069297,1.31783706912429,0.0868033109524644,15.181875606634,4.66256245177135e-52,2.95127601676986e-50,"UP"
"NA.116",NA,NA,NA,NA,NA,NA,NA
"NA.117",NA,NA,NA,NA,NA,NA,NA
"NA.118",NA,NA,NA,NA,NA,NA,NA
"NA.119",NA,NA,NA,NA,NA,NA,NA
"NA.120",NA,NA,NA,NA,NA,NA,NA
"NA.121",NA,NA,NA,NA,NA,NA,NA
"NA.122",NA,NA,NA,NA,NA,NA,NA
"NAIP",62.4529265124698,1.11829806969142,0.0878445825367105,12.7304158935935,4.00699098314188e-37,1.6249996333365e-35,"UP"
"NA.123",NA,NA,NA,NA,NA,NA,NA
"NA.124",NA,NA,NA,NA,NA,NA,NA
"NA.125",NA,NA,NA,NA,NA,NA,NA
"NA.126",NA,NA,NA,NA,NA,NA,NA
"NA.127",NA,NA,NA,NA,NA,NA,NA
"NA.128",NA,NA,NA,NA,NA,NA,NA
"NA.129",NA,NA,NA,NA,NA,NA,NA
"NA.130",NA,NA,NA,NA,NA,NA,NA
"NA.131",NA,NA,NA,NA,NA,NA,NA
"NA.132",NA,NA,NA,NA,NA,NA,NA
"NA.133",NA,NA,NA,NA,NA,NA,NA
"NA.134",NA,NA,NA,NA,NA,NA,NA
"NA.135",NA,NA,NA,NA,NA,NA,NA
"NA.136",NA,NA,NA,NA,NA,NA,NA
"NA.137",NA,NA,NA,NA,NA,NA,NA
"NA.138",NA,NA,NA,NA,NA,NA,NA
"NA.139",NA,NA,NA,NA,NA,NA,NA
"NA.140",NA,NA,NA,NA,NA,NA,NA
"ETV3L",1.25473227545826,1.07545317051725,0.180750614613111,5.94992815277123,2.68260218973617e-09,1.90095441100215e-08,"UP"
"NA.141",NA,NA,NA,NA,NA,NA,NA
"SIGLEC14",204.103904375043,1.29020753974132,0.104311766742115,12.3687631801984,3.85714932024637e-35,1.45700704968016e-33,"UP"
"NA.142",NA,NA,NA,NA,NA,NA,NA
"NA.143",NA,NA,NA,NA,NA,NA,NA
"NA.144",NA,NA,NA,NA,NA,NA,NA
"NA.145",NA,NA,NA,NA,NA,NA,NA
"NA.146",NA,NA,NA,NA,NA,NA,NA
"NA.147",NA,NA,NA,NA,NA,NA,NA
"NA.148",NA,NA,NA,NA,NA,NA,NA
"NA.149",NA,NA,NA,NA,NA,NA,NA
"NA.150",NA,NA,NA,NA,NA,NA,NA
"NA.151",NA,NA,NA,NA,NA,NA,NA
"NA.152",NA,NA,NA,NA,NA,NA,NA
"CARD17",9.49460570677151,1.21088723362222,0.130447172550417,9.282587042308,1.65412565134897e-20,3.761128422776e-19,"UP"
"NA.153",NA,NA,NA,NA,NA,NA,NA
"NA.154",NA,NA,NA,NA,NA,NA,NA
"NA.155",NA,NA,NA,NA,NA,NA,NA
"NA.156",NA,NA,NA,NA,NA,NA,NA
"NA.157",NA,NA,NA,NA,NA,NA,NA
"NA.158",NA,NA,NA,NA,NA,NA,NA
"NA.159",NA,NA,NA,NA,NA,NA,NA
"KLRC4-KLRK1",5.55464870699319,1.53889741059723,0.141907448782704,10.8443737365307,2.12083342702623e-27,6.26749764806996e-26,"UP"
"TIFAB",54.9794335082785,1.96496737548393,0.100723523241931,19.5085250420025,9.29247406791152e-85,1.67407494361914e-82,"UP"
"NA.160",NA,NA,NA,NA,NA,NA,NA
"NA.161",NA,NA,NA,NA,NA,NA,NA
"NA.162",NA,NA,NA,NA,NA,NA,NA
"NA.163",NA,NA,NA,NA,NA,NA,NA
"NA.164",NA,NA,NA,NA,NA,NA,NA
"NA.165",NA,NA,NA,NA,NA,NA,NA
"NA.166",NA,NA,NA,NA,NA,NA,NA
"NA.167",NA,NA,NA,NA,NA,NA,NA
"CLEC12B",8.04402962472028,1.22590246229434,0.142085449143896,8.62792403923657,6.24755475212808e-18,1.22827057540264e-16,"UP"
"NA.168",NA,NA,NA,NA,NA,NA,NA
"NA.169",NA,NA,NA,NA,NA,NA,NA
"NA.170",NA,NA,NA,NA,NA,NA,NA
"NA.171",NA,NA,NA,NA,NA,NA,NA
"NA.172",NA,NA,NA,NA,NA,NA,NA
"NA.173",NA,NA,NA,NA,NA,NA,NA
"NA.174",NA,NA,NA,NA,NA,NA,NA
"NA.175",NA,NA,NA,NA,NA,NA,NA
"NA.176",NA,NA,NA,NA,NA,NA,NA
"NA.177",NA,NA,NA,NA,NA,NA,NA
"NA.178",NA,NA,NA,NA,NA,NA,NA
"NA.179",NA,NA,NA,NA,NA,NA,NA
"NA.180",NA,NA,NA,NA,NA,NA,NA
"NA.181",NA,NA,NA,NA,NA,NA,NA
"NA.182",NA,NA,NA,NA,NA,NA,NA
"NA.183",NA,NA,NA,NA,NA,NA,NA
"NA.184",NA,NA,NA,NA,NA,NA,NA
"NA.185",NA,NA,NA,NA,NA,NA,NA
"NA.186",NA,NA,NA,NA,NA,NA,NA
"NA.187",NA,NA,NA,NA,NA,NA,NA
"NA.188",NA,NA,NA,NA,NA,NA,NA
"NA.189",NA,NA,NA,NA,NA,NA,NA
"NA.190",NA,NA,NA,NA,NA,NA,NA
"NA.191",NA,NA,NA,NA,NA,NA,NA
"NA.192",NA,NA,NA,NA,NA,NA,NA
"AC136428.1",38.8339763765412,1.33372700717647,0.162198715536221,8.22279635672352,1.98812254323195e-16,3.46506641581337e-15,"UP"
"NA.193",NA,NA,NA,NA,NA,NA,NA
"NA.194",NA,NA,NA,NA,NA,NA,NA
"NA.195",NA,NA,NA,NA,NA,NA,NA
"MRC1",4378.89149265587,1.47684770636076,0.111981011021392,13.1883762513863,1.02366405223152e-39,4.49165566337463e-38,"UP"
"NA.196",NA,NA,NA,NA,NA,NA,NA
"NA.197",NA,NA,NA,NA,NA,NA,NA
"KCNJ18",4.52791906095801,2.58655168387273,0.418213276910655,6.18476702360959,6.21942535805909e-10,4.89404256650967e-09,"UP"
"NA.198",NA,NA,NA,NA,NA,NA,NA
"NA.199",NA,NA,NA,NA,NA,NA,NA
"NA.200",NA,NA,NA,NA,NA,NA,NA
"NA.201",NA,NA,NA,NA,NA,NA,NA
"NA.202",NA,NA,NA,NA,NA,NA,NA
"NA.203",NA,NA,NA,NA,NA,NA,NA
"NA.204",NA,NA,NA,NA,NA,NA,NA
"NA.205",NA,NA,NA,NA,NA,NA,NA
"NA.206",NA,NA,NA,NA,NA,NA,NA
"NA.207",NA,NA,NA,NA,NA,NA,NA
"NA.208",NA,NA,NA,NA,NA,NA,NA
"NA.209",NA,NA,NA,NA,NA,NA,NA
"NA.210",NA,NA,NA,NA,NA,NA,NA
"NA.211",NA,NA,NA,NA,NA,NA,NA
"NA.212",NA,NA,NA,NA,NA,NA,NA
"NA.213",NA,NA,NA,NA,NA,NA,NA
"NA.214",NA,NA,NA,NA,NA,NA,NA
"NA.215",NA,NA,NA,NA,NA,NA,NA
"NA.216",NA,NA,NA,NA,NA,NA,NA
"NA.217",NA,NA,NA,NA,NA,NA,NA
"NA.218",NA,NA,NA,NA,NA,NA,NA
"NA.219",NA,NA,NA,NA,NA,NA,NA
"NA.220",NA,NA,NA,NA,NA,NA,NA
"NPY4R2",6.65029173816958,1.17384435950272,0.226002013469539,5.19395531695529,2.05872572402827e-07,1.05388757282496e-06,"UP"
"NA.221",NA,NA,NA,NA,NA,NA,NA
"NA.222",NA,NA,NA,NA,NA,NA,NA
"NA.223",NA,NA,NA,NA,NA,NA,NA
"NA.224",NA,NA,NA,NA,NA,NA,NA
"NA.225",NA,NA,NA,NA,NA,NA,NA
"NA.226",NA,NA,NA,NA,NA,NA,NA
"NA.227",NA,NA,NA,NA,NA,NA,NA
"NA.228",NA,NA,NA,NA,NA,NA,NA
"NA.229",NA,NA,NA,NA,NA,NA,NA
"NA.230",NA,NA,NA,NA,NA,NA,NA
"NA.231",NA,NA,NA,NA,NA,NA,NA
"NA.232",NA,NA,NA,NA,NA,NA,NA
"NA.233",NA,NA,NA,NA,NA,NA,NA
"NA.234",NA,NA,NA,NA,NA,NA,NA
"LCN6",0.83189577917551,1.01745064611872,0.250997827566453,4.05362331611951,5.04303966585384e-05,0.000160092157199996,"UP"
"NA.235",NA,NA,NA,NA,NA,NA,NA
"NA.236",NA,NA,NA,NA,NA,NA,NA
"NA.237",NA,NA,NA,NA,NA,NA,NA
"NA.238",NA,NA,NA,NA,NA,NA,NA
"NA.239",NA,NA,NA,NA,NA,NA,NA
"NA.240",NA,NA,NA,NA,NA,NA,NA
"NA.241",NA,NA,NA,NA,NA,NA,NA
"NA.242",NA,NA,NA,NA,NA,NA,NA
"NA.243",NA,NA,NA,NA,NA,NA,NA
"NA.244",NA,NA,NA,NA,NA,NA,NA
"NA.245",NA,NA,NA,NA,NA,NA,NA
"NA.246",NA,NA,NA,NA,NA,NA,NA
"NA.247",NA,NA,NA,NA,NA,NA,NA
"NA.248",NA,NA,NA,NA,NA,NA,NA
"NA.249",NA,NA,NA,NA,NA,NA,NA
"NA.250",NA,NA,NA,NA,NA,NA,NA
"NA.251",NA,NA,NA,NA,NA,NA,NA
"NA.252",NA,NA,NA,NA,NA,NA,NA
"NA.253",NA,NA,NA,NA,NA,NA,NA
"NA.254",NA,NA,NA,NA,NA,NA,NA
"NA.255",NA,NA,NA,NA,NA,NA,NA
"NA.256",NA,NA,NA,NA,NA,NA,NA
"NA.257",NA,NA,NA,NA,NA,NA,NA
"NA.258",NA,NA,NA,NA,NA,NA,NA
"NA.259",NA,NA,NA,NA,NA,NA,NA
"NA.260",NA,NA,NA,NA,NA,NA,NA
"NA.261",NA,NA,NA,NA,NA,NA,NA
"SPIB",226.203821619306,1.97119079633918,0.13265190146801,14.8598759197926,6.00362788997349e-50,3.50417358711973e-48,"UP"
"NA.262",NA,NA,NA,NA,NA,NA,NA
"NA.263",NA,NA,NA,NA,NA,NA,NA
"NA.264",NA,NA,NA,NA,NA,NA,NA
"NA.265",NA,NA,NA,NA,NA,NA,NA
"NA.266",NA,NA,NA,NA,NA,NA,NA
"NA.267",NA,NA,NA,NA,NA,NA,NA
"NA.268",NA,NA,NA,NA,NA,NA,NA
"NA.269",NA,NA,NA,NA,NA,NA,NA
"NA.270",NA,NA,NA,NA,NA,NA,NA
"NA.271",NA,NA,NA,NA,NA,NA,NA
"NA.272",NA,NA,NA,NA,NA,NA,NA
"NA.273",NA,NA,NA,NA,NA,NA,NA
"NA.274",NA,NA,NA,NA,NA,NA,NA
"HEATR9",8.81810110805528,1.18384847863724,0.127648562946072,9.2742797201515,1.78823150970873e-20,4.05621132759114e-19,"UP"
"NA.275",NA,NA,NA,NA,NA,NA,NA
"NA.276",NA,NA,NA,NA,NA,NA,NA
"NA.277",NA,NA,NA,NA,NA,NA,NA
"CCL5",2687.98294883716,1.83196169824084,0.0900501246807432,20.3437996864051,5.26860903994775e-92,1.24952732876533e-89,"UP"
"MILR1",362.135466871176,1.00149270716346,0.0843565790074599,11.8721351546854,1.65196881608865e-32,5.75302746063884e-31,"UP"
"NA.278",NA,NA,NA,NA,NA,NA,NA
"NA.279",NA,NA,NA,NA,NA,NA,NA
"NA.280",NA,NA,NA,NA,NA,NA,NA
"NA.281",NA,NA,NA,NA,NA,NA,NA
"NA.282",NA,NA,NA,NA,NA,NA,NA
"NA.283",NA,NA,NA,NA,NA,NA,NA
"NA.284",NA,NA,NA,NA,NA,NA,NA
"NA.285",NA,NA,NA,NA,NA,NA,NA
"NA.286",NA,NA,NA,NA,NA,NA,NA
"NA.287",NA,NA,NA,NA,NA,NA,NA
"NA.288",NA,NA,NA,NA,NA,NA,NA
"NA.289",NA,NA,NA,NA,NA,NA,NA
"NA.290",NA,NA,NA,NA,NA,NA,NA
"NA.291",NA,NA,NA,NA,NA,NA,NA
"NA.292",NA,NA,NA,NA,NA,NA,NA
"NA.293",NA,NA,NA,NA,NA,NA,NA
"NA.294",NA,NA,NA,NA,NA,NA,NA
"NA.295",NA,NA,NA,NA,NA,NA,NA
"NA.296",NA,NA,NA,NA,NA,NA,NA
"NA.297",NA,NA,NA,NA,NA,NA,NA
"LHX1",18.319946589591,1.1493241506318,0.309513072509793,3.7133299130538,0.000204549954529855,0.000569457347410308,"UP"
"NA.298",NA,NA,NA,NA,NA,NA,NA
"NA.299",NA,NA,NA,NA,NA,NA,NA
"CCL23",55.231133865338,1.36071273328137,0.119113469765738,11.4236680029345,3.18501653602149e-30,1.03962490973691e-28,"UP"
"NA.300",NA,NA,NA,NA,NA,NA,NA
"NA.301",NA,NA,NA,NA,NA,NA,NA
"CCL4",558.131959800392,1.62345619394683,0.0823333854271308,19.7180789484682,1.50850084635159e-86,2.91373936672613e-84,"UP"
"CCL18",5513.3182770854,1.57825267644383,0.125494204288074,12.5762993231219,2.85074396564954e-36,1.12445345137705e-34,"UP"
"NA.302",NA,NA,NA,NA,NA,NA,NA
"CCL4L2",257.626695324784,1.34466183887253,0.0988475964206605,13.6033842760336,3.8232441362678e-42,1.81807873444451e-40,"UP"
"PIK3R6",198.26662656731,1.03246033526622,0.0771921869763498,13.375192175635,8.44351869002454e-41,3.85848210186097e-39,"UP"
"NA.303",NA,NA,NA,NA,NA,NA,NA
"NA.304",NA,NA,NA,NA,NA,NA,NA
"NA.305",NA,NA,NA,NA,NA,NA,NA
"GPIHBP1",198.461561651803,1.04319739547612,0.14158708453452,7.36788527644118,1.73355865607229e-13,2.24154278676125e-12,"UP"
"NA.306",NA,NA,NA,NA,NA,NA,NA
"CCL3",78.7035669856864,1.40943670676396,0.0949137947355022,14.8496507877665,6.99319889029828e-50,4.04396834594532e-48,"UP"
"NA.307",NA,NA,NA,NA,NA,NA,NA
"NA.308",NA,NA,NA,NA,NA,NA,NA
"NA.309",NA,NA,NA,NA,NA,NA,NA
"NA.310",NA,NA,NA,NA,NA,NA,NA
"SSTR3",13.8827510524659,1.46320282265657,0.106404216448075,13.7513612852984,4.9980166845772e-43,2.42598032648286e-41,"UP"
"NA.311",NA,NA,NA,NA,NA,NA,NA
"NA.312",NA,NA,NA,NA,NA,NA,NA
"NA.313",NA,NA,NA,NA,NA,NA,NA
"NA.314",NA,NA,NA,NA,NA,NA,NA
"NA.315",NA,NA,NA,NA,NA,NA,NA
"NA.316",NA,NA,NA,NA,NA,NA,NA
"NA.317",NA,NA,NA,NA,NA,NA,NA
"NA.318",NA,NA,NA,NA,NA,NA,NA
"NA.319",NA,NA,NA,NA,NA,NA,NA
"NA.320",NA,NA,NA,NA,NA,NA,NA
"NA.321",NA,NA,NA,NA,NA,NA,NA
"NA.322",NA,NA,NA,NA,NA,NA,NA
"NA.323",NA,NA,NA,NA,NA,NA,NA
"NA.324",NA,NA,NA,NA,NA,NA,NA
"NA.325",NA,NA,NA,NA,NA,NA,NA
"NA.326",NA,NA,NA,NA,NA,NA,NA
"NA.327",NA,NA,NA,NA,NA,NA,NA
"NA.328",NA,NA,NA,NA,NA,NA,NA
"ADORA3",197.777154174336,1.06763089860675,0.0897825309960665,11.8912987500155,1.31348064962931e-32,4.6258220773411e-31,"UP"
"NA.329",NA,NA,NA,NA,NA,NA,NA
"NA.330",NA,NA,NA,NA,NA,NA,NA
"NA.331",NA,NA,NA,NA,NA,NA,NA
"NA.332",NA,NA,NA,NA,NA,NA,NA
"NA.333",NA,NA,NA,NA,NA,NA,NA
"NA.334",NA,NA,NA,NA,NA,NA,NA
"CFAP97D2",12.2933608301737,1.09894460428482,0.229290760508527,4.7927993341186,1.64470111795816e-06,6.97648180802901e-06,"UP"
"NA.335",NA,NA,NA,NA,NA,NA,NA
"NA.336",NA,NA,NA,NA,NA,NA,NA
"NA.337",NA,NA,NA,NA,NA,NA,NA
"PRR33",90.3622652065567,1.28306077109867,0.104558710191243,12.2711992980009,1.29323473351178e-34,4.84600919341535e-33,"UP"
"NA.338",NA,NA,NA,NA,NA,NA,NA
"NA.339",NA,NA,NA,NA,NA,NA,NA
"NA.340",NA,NA,NA,NA,NA,NA,NA
"NA.341",NA,NA,NA,NA,NA,NA,NA
"NA.342",NA,NA,NA,NA,NA,NA,NA
"NA.343",NA,NA,NA,NA,NA,NA,NA
"NA.344",NA,NA,NA,NA,NA,NA,NA
"NA.345",NA,NA,NA,NA,NA,NA,NA
"NA.346",NA,NA,NA,NA,NA,NA,NA
"NA.347",NA,NA,NA,NA,NA,NA,NA
"NA.348",NA,NA,NA,NA,NA,NA,NA
"NA.349",NA,NA,NA,NA,NA,NA,NA
"NA.350",NA,NA,NA,NA,NA,NA,NA
"NA.351",NA,NA,NA,NA,NA,NA,NA
"NA.352",NA,NA,NA,NA,NA,NA,NA
"NA.353",NA,NA,NA,NA,NA,NA,NA
"NA.354",NA,NA,NA,NA,NA,NA,NA
"NA.355",NA,NA,NA,NA,NA,NA,NA
"NA.356",NA,NA,NA,NA,NA,NA,NA
"NA.357",NA,NA,NA,NA,NA,NA,NA
"NA.358",NA,NA,NA,NA,NA,NA,NA
"NA.359",NA,NA,NA,NA,NA,NA,NA
"NA.360",NA,NA,NA,NA,NA,NA,NA
"NA.361",NA,NA,NA,NA,NA,NA,NA
"NA.362",NA,NA,NA,NA,NA,NA,NA
"NA.363",NA,NA,NA,NA,NA,NA,NA
"NA.364",NA,NA,NA,NA,NA,NA,NA
"NA.365",NA,NA,NA,NA,NA,NA,NA
"NA.366",NA,NA,NA,NA,NA,NA,NA
"NA.367",NA,NA,NA,NA,NA,NA,NA
"NA.368",NA,NA,NA,NA,NA,NA,NA
"NA.369",NA,NA,NA,NA,NA,NA,NA
"NA.370",NA,NA,NA,NA,NA,NA,NA
"NA.371",NA,NA,NA,NA,NA,NA,NA
"NA.372",NA,NA,NA,NA,NA,NA,NA
"NA.373",NA,NA,NA,NA,NA,NA,NA
"NA.374",NA,NA,NA,NA,NA,NA,NA
"NA.375",NA,NA,NA,NA,NA,NA,NA
"NA.376",NA,NA,NA,NA,NA,NA,NA
"NA.377",NA,NA,NA,NA,NA,NA,NA
"NA.378",NA,NA,NA,NA,NA,NA,NA
"NA.379",NA,NA,NA,NA,NA,NA,NA
"NA.380",NA,NA,NA,NA,NA,NA,NA
"NA.381",NA,NA,NA,NA,NA,NA,NA
"NA.382",NA,NA,NA,NA,NA,NA,NA
"NA.383",NA,NA,NA,NA,NA,NA,NA
"NA.384",NA,NA,NA,NA,NA,NA,NA
"NA.385",NA,NA,NA,NA,NA,NA,NA
"NA.386",NA,NA,NA,NA,NA,NA,NA
"NA.387",NA,NA,NA,NA,NA,NA,NA
"NA.388",NA,NA,NA,NA,NA,NA,NA
"NA.389",NA,NA,NA,NA,NA,NA,NA
"NA.390",NA,NA,NA,NA,NA,NA,NA
"NA.391",NA,NA,NA,NA,NA,NA,NA
"NA.392",NA,NA,NA,NA,NA,NA,NA
"NA.393",NA,NA,NA,NA,NA,NA,NA
"NA.394",NA,NA,NA,NA,NA,NA,NA
"NA.395",NA,NA,NA,NA,NA,NA,NA
"NA.396",NA,NA,NA,NA,NA,NA,NA
"NA.397",NA,NA,NA,NA,NA,NA,NA
"NA.398",NA,NA,NA,NA,NA,NA,NA
"NA.399",NA,NA,NA,NA,NA,NA,NA
"NA.400",NA,NA,NA,NA,NA,NA,NA
"NA.401",NA,NA,NA,NA,NA,NA,NA
"NA.402",NA,NA,NA,NA,NA,NA,NA
"NA.403",NA,NA,NA,NA,NA,NA,NA
"NA.404",NA,NA,NA,NA,NA,NA,NA
"NA.405",NA,NA,NA,NA,NA,NA,NA
"NA.406",NA,NA,NA,NA,NA,NA,NA
"AL603764.2",4.61021234061651,1.1160860635828,0.232652907731637,4.79721519264308,1.6088673023683e-06,6.85396493341803e-06,"UP"
"NA.407",NA,NA,NA,NA,NA,NA,NA
"NA.408",NA,NA,NA,NA,NA,NA,NA
"NA.409",NA,NA,NA,NA,NA,NA,NA
"NA.410",NA,NA,NA,NA,NA,NA,NA
"NA.411",NA,NA,NA,NA,NA,NA,NA
"NA.412",NA,NA,NA,NA,NA,NA,NA
"NA.413",NA,NA,NA,NA,NA,NA,NA
"NA.414",NA,NA,NA,NA,NA,NA,NA
"NA.415",NA,NA,NA,NA,NA,NA,NA
"NA.416",NA,NA,NA,NA,NA,NA,NA
"NA.417",NA,NA,NA,NA,NA,NA,NA
"NA.418",NA,NA,NA,NA,NA,NA,NA
"NA.419",NA,NA,NA,NA,NA,NA,NA
"NA.420",NA,NA,NA,NA,NA,NA,NA
"NA.421",NA,NA,NA,NA,NA,NA,NA
"NA.422",NA,NA,NA,NA,NA,NA,NA
"NA.423",NA,NA,NA,NA,NA,NA,NA
"NA.424",NA,NA,NA,NA,NA,NA,NA
"NA.425",NA,NA,NA,NA,NA,NA,NA
"NA.426",NA,NA,NA,NA,NA,NA,NA
"NA.427",NA,NA,NA,NA,NA,NA,NA
"NA.428",NA,NA,NA,NA,NA,NA,NA
"NA.429",NA,NA,NA,NA,NA,NA,NA
"NA.430",NA,NA,NA,NA,NA,NA,NA
"NA.431",NA,NA,NA,NA,NA,NA,NA
"NA.432",NA,NA,NA,NA,NA,NA,NA
"NA.433",NA,NA,NA,NA,NA,NA,NA
"NA.434",NA,NA,NA,NA,NA,NA,NA
"NA.435",NA,NA,NA,NA,NA,NA,NA
"NA.436",NA,NA,NA,NA,NA,NA,NA
"NA.437",NA,NA,NA,NA,NA,NA,NA
"NA.438",NA,NA,NA,NA,NA,NA,NA
"NA.439",NA,NA,NA,NA,NA,NA,NA
"NA.440",NA,NA,NA,NA,NA,NA,NA
"NA.441",NA,NA,NA,NA,NA,NA,NA
"NA.442",NA,NA,NA,NA,NA,NA,NA
